SVCaller	Sample	ChrA	PosA	ChrB	PosB
Delly	NB2004	chr7	87740198	chr21	39440541
Delly	NB2014	chr7	32226015	chr11	103201267
Delly	NB2026	chr1	27144895	chr17	57250868
Delly	NB2026	chr17	57898937	chr19	15507370
Delly	NB2026	chr7	134614373	chr11	77736094
Delly	NB2026	chr9	90372460	chr20	4082831
Delly	NB2036	chr11	83723177	chr4	158355073
Delly	NB2036	chr16	5333673	chr17	58677481
Delly	NB2036	chr17	46814133	chr22	29371406
Delly	NB2036	chr2	114871492	chr8	103491489
Delly	NB2049	chr1	228146960	chr5	54402006
Delly	NB2049	chr11	72129689	chr17	47053017
Delly	NB2049	chr15	84551442	chr17	35443841
Delly	NB2049	chr18	54995073	chrX	34464332
Delly	NB2049	chr5	180311510	chr17	37598449
Delly	NB2049	chr15	77910871	chr7	123549456
Delly	NB2050	chr1	38578667	chr7	128827301
Delly	NB2050	chr2	16110450	chr12	66451464
Delly	NB2050	chr2	16158228	chr20	47258341
Delly	NB2050	chr2	15740877	chr4	9735980
Delly	NB2050	chr2	16129271	chr9	122259774
Delly	NB2051	chr12	60624649	chr19	47012277
Delly	NB2051	chr7	45032231	chr10	88214870
Delly	NB2051	chr7	132247592	chr14	71376941
Delly	NB2052	chr1	113099589	chr15	77910871
Delly	NB2052	chr11	71977542	chr17	32682611
Delly	NB2052	chr3	98878548	chr15	77910869
Delly	NB2052	chr4	167174909	chr7	29684794
Delly	NB2052	chr6	5348761	chr17	11432301
Delly	NB2052	chr9	73076607	chr18	53032494
Delly	NB2001	chr1	55643510	chr17	26317503
Delly	NB2001	chr1	226415473	chr19	44776096
Delly	NB2001	chr1	32373742	chrX	23997669
Delly	NB2001	chr2	6638816	chr10	27849625
Delly	NB2001	chr2	36831945	chr12	120191408
Delly	NB2001	chr2	15827808	chr16	87515133
Delly	NB2001	chr2	16179649	chr5	15005451
Delly	NB2001	chr2	6558371	chr6	160521842
Delly	NB2001	chr2	6593207	chr7	66891976
Delly	NB2006	chr13	88426550	chr20	34168674
Delly	NB2007	chr10	90373511	chr12	69435341
Delly	NB2008	chr19	51524135	chr21	33352948
Delly	NB2008	chr2	230951048	chr17	62068499
Delly	NB2008	chr2	203233285	chrX	150822224
Delly	NB2008	chr3	126878591	chr11	69169410
Delly	NB2008	chr7	131926936	chr17	46065874
Delly	NB2013	chr2	15681973	chr10	80228536
Delly	NB2013	chr2	14560125	chr12	97220726
Delly	NB2013	chr2	16007900	chr12	97220763
Delly	NB2013	chr2	16037250	chr13	36869232
Delly	NB2013	chr2	16158259	chr20	47258338
Delly	NB2013	chr2	14550246	chr4	19079537
Delly	NB2013	chr2	16220971	chr4	82515378
Delly	NB2013	chr2	16180252	chr5	27636383
Delly	NB2013	chr3	114022481	chrX	79449256
Delly	NB2025	chr1	164004553	chr16	31014932
Delly	NB2025	chr1	34167446	chr17	28158836
Delly	NB2025	chr2	16158251	chr20	47258339
Delly	NB2025	chr20	61878098	chr22	45427233
Delly	NB2025	chr3	124078439	chr17	28156672
Delly	NB2025	chr5	137443517	chr17	28158842
Delly	NB2025	chr9	22668526	chr14	106493785
Smufin	NB2004	chr17	65546572	chr22	29996273
Smufin	NB2004	chr6	110102982	chr15	98706097
Smufin	NB2026	chr1	27144895	chr17	57250868
Smufin	NB2026	chr17	57898937	chr19	15507370
Smufin	NB2036	chr16	5333673	chr17	58677481
Smufin	NB2036	chr2	85053180	chr6	108146290
Smufin	NB2036	chr2	114871492	chr8	103491489
Smufin	NB2036	chr4	158355072	chr11	83723181
Smufin	NB2049	chr1	38241382	chr19	11422016
Smufin	NB2049	chr15	84551442	chr17	35443841
Smufin	NB2049	chr5	180311510	chr17	37598449
Smufin	NB2050	chr11	83028989	chr17	41486977
Smufin	NB2051	chr1	35724714	chr15	77092485
Smufin	NB2052	chr11	71977542	chr17	32682611
Smufin	NB2052	chr12	60716394	chr18	62173781
Smufin	NB2052	chr7	44294375	chr12	119145732
Smufin	NB2052	chr8	92312628	chr17	36169343
Smufin	NB2001	chr1	55643510	chr17	26317503
Smufin	NB2001	chr1	38241382	chr19	11422016
Smufin	NB2001	chr2	58205932	chr1	106289652
Smufin	NB2001	chr2	6793833	chr1	108431849
Smufin	NB2001	chr2	36808661	chr1	117597382
Smufin	NB2001	chr2	16050578	chr1	144911014
Smufin	NB2001	chr2	16049001	chr1	162401517
Smufin	NB2001	chr2	6541705	chr1	169853605
Smufin	NB2001	chr2	2453897	chr1	175229716
Smufin	NB2001	chr2	36861808	chr1	190754450
Smufin	NB2001	chr2	16044954	chr1	24396303
Smufin	NB2001	chr1	30624339	chr2	58576404
Smufin	NB2001	chr1	30641689	chr2	36861692
Smufin	NB2001	chr1	30675479	chr2	16196870
Smufin	NB2001	chr1	30694697	chr2	15787900
Smufin	NB2001	chr1	30743460	chr2	15842281
Smufin	NB2001	chr1	30747631	chr2	15924061
Smufin	NB2001	chr1	30774539	chr2	15945294
Smufin	NB2001	chr1	30792152	chr2	2535426
Smufin	NB2001	chr1	32317313	chr2	6480240
Smufin	NB2001	chr1	32404992	chr2	15761632
Smufin	NB2001	chr1	32433031	chr2	15986591
Smufin	NB2001	chr1	32442372	chr2	15961815
Smufin	NB2001	chr1	32444126	chr2	2519186
Smufin	NB2001	chr1	32445287	chr2	52443568
Smufin	NB2001	chr2	16014610	chr1	36416637
Smufin	NB2001	chr2	15851961	chr1	7369626
Smufin	NB2001	chr2	16097207	chr1	88080691
Smufin	NB2001	chr2	58590757	chr1	89378673
Smufin	NB2006	chr1	240134845	chr3	159429191
Smufin	NB2007	chr10	17590347	chr12	86120487
Smufin	NB2007	chr9	95680508	chrX	74662534
Smufin	NB2008	chr1	49222243	chr17	44691736
Smufin	NB2008	chr3	126878591	chr11	69169410
Smufin	NB2011	chr12	5769602	chr17	74987844
Smufin	NB2011	chr2	84784482	chr13	90401846
Smufin	NB2013	chr2	15739736	chr1	238294678
Smufin	NB2013	chr2	15539108	chr1	30912220
Smufin	NB2013	chr2	15866888	chr1	43329729
Smufin	NB2013	chr2	16197206	chr1	9572039
Smufin	NB2013	chr2	14576301	chr13	113202896
Smufin	NB2013	chr2	14907675	chr13	36629015
Smufin	NB2013	chr2	16037250	chr13	36869232
Smufin	NB2022	chr2	16538162	chr1	158137051
Smufin	NB2022	chr2	16632244	chr1	234659689
Smufin	NB2022	chr2	16534850	chr1	247351906
Smufin	NB2022	chr17	35015523	chr22	33758998
Smufin	NB2022	chr5	1295467	chrX	155259095
Smufin	NB2025	chr1	164004553	chr16	31014932
Smufin	NB2025	chr1	34167446	chr17	28158836
Smufin	NB2025	chr2	16374680	chr1	12611415
Smufin	NB2025	chr2	16455444	chr1	144154842
Smufin	NB2025	chr2	16073629	chr1	188367221
Smufin	NB2025	chr2	16166016	chr1	51569508
Smufin	NB2025	chr20	61878098	chr22	45427233
Smufin	NB2025	chr3	124078439	chr17	28156672
Smufin	NB2025	chr9	22668526	chr14	106493785
Svaba	NB2004	chr13	44069826	chr15	41853321
Svaba	NB2014	chr11	129721438	chr19	41259289
Svaba	NB2026	chr1	27144895	chr17	57250868
Svaba	NB2026	chr17	57898937	chr19	15507370
Svaba	NB2026	chr4	41870613	chr18	55399548
Svaba	NB2036	chr16	5333673	chr17	58677481
Svaba	NB2036	chr17	46814133	chr22	29371406
Svaba	NB2036	chr2	85053180	chr6	108146290
Svaba	NB2036	chr2	114871492	chr8	103491489
Svaba	NB2036	chr4	158355072	chr11	83723181
Svaba	NB2036	chr7	157098314	chr17	27727529
Svaba	NB2049	chr11	72129689	chr17	47053017
Svaba	NB2049	chr15	84551442	chr17	35443841
Svaba	NB2049	chr16	71761788	chr17	61640934
Svaba	NB2049	chr3	82297821	chr9	127508935
Svaba	NB2049	chr5	180311510	chr17	37598449
Svaba	NB2050	chr1	38578667	chr7	128827301
Svaba	NB2052	chr11	71977542	chr17	32682611
Svaba	NB2001	chr1	55643510	chr17	26317503
Svaba	NB2008	chr19	51524135	chr21	33352948
Svaba	NB2008	chr3	126878591	chr11	69169410
Svaba	NB2008	chr7	131926936	chr17	46065874
Svaba	NB2011	chr9	91240449	chr10	104887793
Svaba	NB2013	chr2	14560125	chr12	97220726
Svaba	NB2013	chr2	15519540	chr12	94358644
Svaba	NB2013	chr2	14907675	chr13	36629015
Svaba	NB2013	chr2	16037250	chr13	36869232
Svaba	NB2022	chr17	35015523	chr22	33758998
Svaba	NB2022	chr5	1295467	chrX	155259095
Svaba	NB2025	chr1	164004553	chr16	31014932
Svaba	NB2025	chr1	17107014	chr17	28158835
Svaba	NB2025	chr1	34167446	chr17	28158836
Svaba	NB2025	chr20	61878098	chr22	45427233
Svaba	NB2025	chr3	124078439	chr17	28156672
Svaba	NB2025	chr5	137443517	chr17	28158842
Svaba	NB2025	chr9	22668526	chr14	106493785
Novobreak	NB2026	chr17	57898937	chr19	15507370
Novobreak	NB2036	chr2	85053180	chr6	108146290
Novobreak	NB2036	chr2	114871492	chr8	103491489
Novobreak	NB2036	chr4	158355072	chr11	83723181
Novobreak	NB2050	chr1	38578667	chr7	128827301
Novobreak	NB2001	chr1	55643510	chr17	26317503
Novobreak	NB2001	chr1	30629522	chr2	2458319
Novobreak	NB2001	chr1	30634094	chr2	15983108
Novobreak	NB2001	chr1	30643605	chr2	36902834
Novobreak	NB2001	chr1	30645182	chr2	16099400
Novobreak	NB2001	chr1	30648333	chr2	6819079
Novobreak	NB2001	chr1	30658820	chr2	36773147
Novobreak	NB2001	chr1	30659953	chr2	58584322
Novobreak	NB2001	chr1	30661053	chr2	15958590
Novobreak	NB2001	chr1	30662572	chr2	6558909
Novobreak	NB2001	chr1	30666734	chr2	6664435
Novobreak	NB2001	chr1	30674023	chr2	16127750
Novobreak	NB2001	chr1	30678484	chr2	2504805
Novobreak	NB2001	chr1	30685230	chr2	52453414
Novobreak	NB2001	chr1	30693842	chr2	2505928
Novobreak	NB2001	chr1	30694044	chr2	15976342
Novobreak	NB2001	chr1	30696223	chr2	16178891
Novobreak	NB2001	chr1	30702639	chr2	2524237
Novobreak	NB2001	chr1	30710386	chr2	16093332
Novobreak	NB2001	chr1	30743124	chr2	6844994
Novobreak	NB2001	chr1	30748446	chr2	16122684
Novobreak	NB2001	chr1	30750777	chr2	16124503
Novobreak	NB2001	chr1	30762426	chr2	36707986
Novobreak	NB2001	chr1	30767180	chr2	36801968
Novobreak	NB2001	chr1	30778210	chr2	16013867
Novobreak	NB2001	chr1	30782309	chr2	16215772
Novobreak	NB2001	chr1	30790744	chr2	15917475
Novobreak	NB2001	chr1	30790925	chr2	16178023
Novobreak	NB2001	chr1	32270523	chr2	58222692
Novobreak	NB2001	chr1	32274501	chr2	6727549
Novobreak	NB2001	chr1	32287802	chr2	16117454
Novobreak	NB2001	chr1	32292552	chr2	6494966
Novobreak	NB2001	chr1	32299647	chr2	36834894
Novobreak	NB2001	chr1	32301660	chr2	6781188
Novobreak	NB2001	chr1	32304311	chr2	36896384
Novobreak	NB2001	chr1	32305764	chr2	16105033
Novobreak	NB2001	chr1	32316796	chr2	16119000
Novobreak	NB2001	chr1	32319801	chr2	15747794
Novobreak	NB2001	chr1	32327713	chr2	6749963
Novobreak	NB2001	chr1	32328827	chr2	16132468
Novobreak	NB2001	chr1	32331275	chr2	16113241
Novobreak	NB2001	chr1	32343033	chr2	16125669
Novobreak	NB2001	chr1	32351840	chr2	15959712
Novobreak	NB2001	chr1	32359288	chr2	15761213
Novobreak	NB2001	chr1	32377020	chr2	15927417
Novobreak	NB2001	chr1	32380324	chr2	36751412
Novobreak	NB2001	chr1	32383857	chr2	16044188
Novobreak	NB2001	chr1	32386893	chr2	15884148
Novobreak	NB2001	chr1	32394473	chr2	16047469
Novobreak	NB2001	chr1	32406034	chr2	6682275
Novobreak	NB2001	chr1	32407548	chr2	15750086
Novobreak	NB2001	chr1	32408604	chr2	16189214
Novobreak	NB2001	chr1	32412125	chr2	6493272
Novobreak	NB2001	chr1	32427001	chr2	6593976
Novobreak	NB2001	chr1	32429229	chr2	36736394
Novobreak	NB2001	chr1	32429693	chr2	15885632
Novobreak	NB2001	chr1	32435641	chr2	16150034
Novobreak	NB2001	chr1	32435840	chr2	16151172
Novobreak	NB2001	chr1	32436674	chr2	2489081
Novobreak	NB2001	chr1	32439640	chr2	36893930
Novobreak	NB2001	chr1	32439935	chr2	16014026
Novobreak	NB2001	chr1	32440173	chr2	2457755
Novobreak	NB2001	chr1	32441651	chr2	6837374
Novobreak	NB2008	chr3	126878591	chr11	69169410
Novobreak	NB2013	chr2	14907675	chr13	36629015
Novobreak	NB2013	chr2	16037250	chr13	36869232
Novobreak	NB2022	chr17	35015523	chr22	33758998
Novobreak	NB2025	chr20	61878098	chr22	45427233
Novobreak	NB2025	chr3	124078439	chr17	28156672
Novobreak	NB2025	chr9	22668526	chr14	106493785
Brass	NB2036	chr16	5333673	chr17	58677481
Brass	NB2036	chr2	85053180	chr6	108146290
Brass	NB2036	chr2	114871492	chr8	103491489
Brass	NB2036	chr4	158355072	chr11	83723181
Brass	NB2050	chr1	38578667	chr7	128827301
Brass	NB2052	chr6	37294972	chr12	22085928
Brass	NB2006	chr4	72729217	chr8	49157701
Brass	NB2008	chr3	126878591	chr11	69169410
Brass	NB2013	chr2	14907675	chr13	36629015
Brass	NB2022	chr17	35015523	chr22	33758998
Brass	NB2022	chr6	91125865	chr9	7680207
Brass	NB2025	chr1	164004553	chr16	31014932
Brass	NB2025	chr9	22668526	chr14	106493785
Union	NB2004	chr13	44069826	chr15	41853321
Union	NB2004	chr17	65546572	chr22	29996273
Union	NB2004	chr6	110102982	chr15	98706097
Union	NB2004	chr7	87740198	chr21	39440541
Union	NB2014	chr11	129721438	chr19	41259289
Union	NB2014	chr7	32226015	chr11	103201267
Union	NB2026	chr1	27144895	chr17	57250868
Union	NB2026	chr17	57898937	chr19	15507370
Union	NB2026	chr4	41870613	chr18	55399548
Union	NB2026	chr7	134614373	chr11	77736094
Union	NB2026	chr9	90372460	chr20	4082831
Union	NB2036	chr11	83723177	chr4	158355073
Union	NB2036	chr16	5333673	chr17	58677481
Union	NB2036	chr17	46814133	chr22	29371406
Union	NB2036	chr2	85053180	chr6	108146290
Union	NB2036	chr2	114871492	chr8	103491489
Union	NB2036	chr4	158355072	chr11	83723181
Union	NB2036	chr7	157098314	chr17	27727529
Union	NB2049	chr1	38241382	chr19	11422016
Union	NB2049	chr1	228146960	chr5	54402006
Union	NB2049	chr11	72129689	chr17	47053017
Union	NB2049	chr15	84551442	chr17	35443841
Union	NB2049	chr16	71761788	chr17	61640934
Union	NB2049	chr18	54995073	chrX	34464332
Union	NB2049	chr3	82297821	chr9	127508935
Union	NB2049	chr5	180311510	chr17	37598449
Union	NB2049	chr15	77910871	chr7	123549456
Union	NB2050	chr1	38578667	chr7	128827301
Union	NB2050	chr11	83028989	chr17	41486977
Union	NB2050	chr2	16110450	chr12	66451464
Union	NB2050	chr2	16158228	chr20	47258341
Union	NB2050	chr2	15740877	chr4	9735980
Union	NB2050	chr2	16129271	chr9	122259774
Union	NB2051	chr1	35724714	chr15	77092485
Union	NB2051	chr12	60624649	chr19	47012277
Union	NB2051	chr7	45032231	chr10	88214870
Union	NB2051	chr7	132247592	chr14	71376941
Union	NB2052	chr1	113099589	chr15	77910871
Union	NB2052	chr11	71977542	chr17	32682611
Union	NB2052	chr12	60716394	chr18	62173781
Union	NB2052	chr3	98878548	chr15	77910869
Union	NB2052	chr4	167174909	chr7	29684794
Union	NB2052	chr6	37294972	chr12	22085928
Union	NB2052	chr6	5348761	chr17	11432301
Union	NB2052	chr7	44294375	chr12	119145732
Union	NB2052	chr8	92312628	chr17	36169343
Union	NB2052	chr9	73076607	chr18	53032494
Union	NB2001	chr1	55643510	chr17	26317503
Union	NB2001	chr1	226415473	chr19	44776096
Union	NB2001	chr1	38241382	chr19	11422016
Union	NB2001	chr2	58205932	chr1	106289652
Union	NB2001	chr2	6793833	chr1	108431849
Union	NB2001	chr2	36808661	chr1	117597382
Union	NB2001	chr2	16050578	chr1	144911014
Union	NB2001	chr2	16049001	chr1	162401517
Union	NB2001	chr2	6541705	chr1	169853605
Union	NB2001	chr2	2453897	chr1	175229716
Union	NB2001	chr2	36861808	chr1	190754450
Union	NB2001	chr2	16044954	chr1	24396303
Union	NB2001	chr1	30624339	chr2	58576404
Union	NB2001	chr1	30629522	chr2	2458319
Union	NB2001	chr1	30634094	chr2	15983108
Union	NB2001	chr1	30641689	chr2	36861692
Union	NB2001	chr1	30643605	chr2	36902834
Union	NB2001	chr1	30645182	chr2	16099400
Union	NB2001	chr1	30648333	chr2	6819079
Union	NB2001	chr1	30658820	chr2	36773147
Union	NB2001	chr1	30659953	chr2	58584322
Union	NB2001	chr1	30661053	chr2	15958590
Union	NB2001	chr1	30662572	chr2	6558909
Union	NB2001	chr1	30666734	chr2	6664435
Union	NB2001	chr1	30674023	chr2	16127750
Union	NB2001	chr1	30675479	chr2	16196870
Union	NB2001	chr1	30678484	chr2	2504805
Union	NB2001	chr1	30685230	chr2	52453414
Union	NB2001	chr1	30693842	chr2	2505928
Union	NB2001	chr1	30694044	chr2	15976342
Union	NB2001	chr1	30694697	chr2	15787900
Union	NB2001	chr1	30696223	chr2	16178891
Union	NB2001	chr1	30702639	chr2	2524237
Union	NB2001	chr1	30710386	chr2	16093332
Union	NB2001	chr1	30743124	chr2	6844994
Union	NB2001	chr1	30743460	chr2	15842281
Union	NB2001	chr1	30747631	chr2	15924061
Union	NB2001	chr1	30748446	chr2	16122684
Union	NB2001	chr1	30750777	chr2	16124503
Union	NB2001	chr1	30762426	chr2	36707986
Union	NB2001	chr1	30767180	chr2	36801968
Union	NB2001	chr1	30774539	chr2	15945294
Union	NB2001	chr1	30778210	chr2	16013867
Union	NB2001	chr1	30782309	chr2	16215772
Union	NB2001	chr1	30790744	chr2	15917475
Union	NB2001	chr1	30790925	chr2	16178023
Union	NB2001	chr1	30792152	chr2	2535426
Union	NB2001	chr1	32270523	chr2	58222692
Union	NB2001	chr1	32274501	chr2	6727549
Union	NB2001	chr1	32287802	chr2	16117454
Union	NB2001	chr1	32292552	chr2	6494966
Union	NB2001	chr1	32299647	chr2	36834894
Union	NB2001	chr1	32301660	chr2	6781188
Union	NB2001	chr1	32304311	chr2	36896384
Union	NB2001	chr1	32305764	chr2	16105033
Union	NB2001	chr1	32316796	chr2	16119000
Union	NB2001	chr1	32317313	chr2	6480240
Union	NB2001	chr1	32319801	chr2	15747794
Union	NB2001	chr1	32327713	chr2	6749963
Union	NB2001	chr1	32328827	chr2	16132468
Union	NB2001	chr1	32331275	chr2	16113241
Union	NB2001	chr1	32343033	chr2	16125669
Union	NB2001	chr1	32351840	chr2	15959712
Union	NB2001	chr1	32359288	chr2	15761213
Union	NB2001	chr1	32377020	chr2	15927417
Union	NB2001	chr1	32380324	chr2	36751412
Union	NB2001	chr1	32383857	chr2	16044188
Union	NB2001	chr1	32386893	chr2	15884148
Union	NB2001	chr1	32394473	chr2	16047469
Union	NB2001	chr1	32404992	chr2	15761632
Union	NB2001	chr1	32406034	chr2	6682275
Union	NB2001	chr1	32407548	chr2	15750086
Union	NB2001	chr1	32408604	chr2	16189214
Union	NB2001	chr1	32412125	chr2	6493272
Union	NB2001	chr1	32427001	chr2	6593976
Union	NB2001	chr1	32429229	chr2	36736394
Union	NB2001	chr1	32429693	chr2	15885632
Union	NB2001	chr1	32433031	chr2	15986591
Union	NB2001	chr1	32435641	chr2	16150034
Union	NB2001	chr1	32435840	chr2	16151172
Union	NB2001	chr1	32436674	chr2	2489081
Union	NB2001	chr1	32439640	chr2	36893930
Union	NB2001	chr1	32439935	chr2	16014026
Union	NB2001	chr1	32440173	chr2	2457755
Union	NB2001	chr1	32441651	chr2	6837374
Union	NB2001	chr1	32442372	chr2	15961815
Union	NB2001	chr1	32444126	chr2	2519186
Union	NB2001	chr1	32445287	chr2	52443568
Union	NB2001	chr2	16014610	chr1	36416637
Union	NB2001	chr2	15851961	chr1	7369626
Union	NB2001	chr2	16097207	chr1	88080691
Union	NB2001	chr2	58590757	chr1	89378673
Union	NB2001	chr1	32373742	chrX	23997669
Union	NB2001	chr2	6638816	chr10	27849625
Union	NB2001	chr2	36831945	chr12	120191408
Union	NB2001	chr2	15827808	chr16	87515133
Union	NB2001	chr2	16179649	chr5	15005451
Union	NB2001	chr2	6558371	chr6	160521842
Union	NB2001	chr2	6593207	chr7	66891976
Union	NB2006	chr1	240134845	chr3	159429191
Union	NB2006	chr13	88426550	chr20	34168674
Union	NB2006	chr4	72729217	chr8	49157701
Union	NB2007	chr10	17590347	chr12	86120487
Union	NB2007	chr10	90373511	chr12	69435341
Union	NB2007	chr9	95680508	chrX	74662534
Union	NB2008	chr1	49222243	chr17	44691736
Union	NB2008	chr19	51524135	chr21	33352948
Union	NB2008	chr2	230951048	chr17	62068499
Union	NB2008	chr2	203233285	chrX	150822224
Union	NB2008	chr3	126878591	chr11	69169410
Union	NB2008	chr7	131926936	chr17	46065874
Union	NB2011	chr12	5769602	chr17	74987844
Union	NB2011	chr2	84784482	chr13	90401846
Union	NB2011	chr9	91240449	chr10	104887793
Union	NB2013	chr2	15739736	chr1	238294678
Union	NB2013	chr2	15539108	chr1	30912220
Union	NB2013	chr2	15866888	chr1	43329729
Union	NB2013	chr2	16197206	chr1	9572039
Union	NB2013	chr2	15681973	chr10	80228536
Union	NB2013	chr2	14560125	chr12	97220726
Union	NB2013	chr2	15519540	chr12	94358644
Union	NB2013	chr2	16007900	chr12	97220763
Union	NB2013	chr2	14576301	chr13	113202896
Union	NB2013	chr2	14907675	chr13	36629015
Union	NB2013	chr2	16037250	chr13	36869232
Union	NB2013	chr2	16158259	chr20	47258338
Union	NB2013	chr2	14550246	chr4	19079537
Union	NB2013	chr2	16220971	chr4	82515378
Union	NB2013	chr2	16180252	chr5	27636383
Union	NB2013	chr3	114022481	chrX	79449256
Union	NB2022	chr2	16538162	chr1	158137051
Union	NB2022	chr2	16632244	chr1	234659689
Union	NB2022	chr2	16534850	chr1	247351906
Union	NB2022	chr17	35015523	chr22	33758998
Union	NB2022	chr5	1295467	chrX	155259095
Union	NB2022	chr6	91125865	chr9	7680207
Union	NB2025	chr1	164004553	chr16	31014932
Union	NB2025	chr1	17107014	chr17	28158835
Union	NB2025	chr1	34167446	chr17	28158836
Union	NB2025	chr2	16374680	chr1	12611415
Union	NB2025	chr2	16455444	chr1	144154842
Union	NB2025	chr2	16073629	chr1	188367221
Union	NB2025	chr2	16166016	chr1	51569508
Union	NB2025	chr2	16158251	chr20	47258339
Union	NB2025	chr20	61878098	chr22	45427233
Union	NB2025	chr3	124078439	chr17	28156672
Union	NB2025	chr5	137443517	chr17	28158842
Union	NB2025	chr9	22668526	chr14	106493785
AtLeastTwo	NB2026	chr1	27144895	chr17	57250868
AtLeastTwo	NB2026	chr17	57898937	chr19	15507370
AtLeastTwo	NB2036	chr16	5333673	chr17	58677481
AtLeastTwo	NB2036	chr17	46814133	chr22	29371406
AtLeastTwo	NB2036	chr2	85053180	chr6	108146290
AtLeastTwo	NB2036	chr2	114871492	chr8	103491489
AtLeastTwo	NB2036	chr4	158355072	chr11	83723181
AtLeastTwo	NB2049	chr11	72129689	chr17	47053017
AtLeastTwo	NB2049	chr15	84551442	chr17	35443841
AtLeastTwo	NB2049	chr5	180311510	chr17	37598449
AtLeastTwo	NB2050	chr1	38578667	chr7	128827301
AtLeastTwo	NB2052	chr11	71977542	chr17	32682611
AtLeastTwo	NB2001	chr1	55643510	chr17	26317503
AtLeastTwo	NB2008	chr19	51524135	chr21	33352948
AtLeastTwo	NB2008	chr3	126878591	chr11	69169410
AtLeastTwo	NB2008	chr7	131926936	chr17	46065874
AtLeastTwo	NB2013	chr2	14560125	chr12	97220726
AtLeastTwo	NB2013	chr2	14907675	chr13	36629015
AtLeastTwo	NB2013	chr2	16037250	chr13	36869232
AtLeastTwo	NB2022	chr17	35015523	chr22	33758998
AtLeastTwo	NB2022	chr5	1295467	chrX	155259095
AtLeastTwo	NB2025	chr1	164004553	chr16	31014932
AtLeastTwo	NB2025	chr1	34167446	chr17	28158836
AtLeastTwo	NB2025	chr20	61878098	chr22	45427233
AtLeastTwo	NB2025	chr3	124078439	chr17	28156672
AtLeastTwo	NB2025	chr5	137443517	chr17	28158842
AtLeastTwo	NB2025	chr9	22668526	chr14	106493785
Delly	NB2003	chr12	81276073	chr15	77910882
Delly	NB2003	chr13	44069827	chr15	41853322
Delly	NB2003	chr6	137989160	chr16	69772315
Delly	NB2005	chr14	32923843	chr20	31735203
Delly	NB2012	chr1	247685585	chr11	68242972
Delly	NB2012	chr1	226200173	chr12	7108105
Delly	NB2012	chr1	31445295	chr9	126868574
Delly	NB2012	chr13	44069826	chr15	41853321
Delly	NB2012	chr7	38649835	chr12	111266086
Delly	NB2023	chr2	232193543	chr15	77910871
Delly	NB2023	chr4	9704827	chr12	66451372
Delly	NB2023	chr6	35848640	chr15	77910868
Delly	NB2027	chr2	16027601	chr17	64320015
Delly	NB2027	chr2	16101222	chr17	63031378
Delly	NB2027	chr2	16213853	chr17	63152435
Delly	NB2027	chr2	16222228	chr17	63007609
Delly	NB2027	chr2	16338686	chr17	63187911
Delly	NB2027	chr2	16359825	chr17	63233728
Delly	NB2027	chr2	16405140	chr17	63240390
Delly	NB2027	chr2	16405248	chr17	64338883
Delly	NB2027	chr2	16446022	chr17	63058710
Delly	NB2027	chr2	42568489	chr17	64343105
Delly	NB2027	chr6	86026640	chr8	80466351
Delly	NB2028	chr10	53536519	chr20	24677270
Delly	NB2028	chr10	94109581	chr20	24675932
Delly	NB2028	chr10	94110691	chr20	23913342
Delly	NB2028	chr10	64882941	chr3	150273781
Delly	NB2028	chr3	113342062	chr20	23246039
Delly	NB2028	chr3	173339463	chr20	23915725
Delly	NB2028	chr3	100838573	chr5	109332421
Delly	NB2028	chr3	100954015	chr5	124426622
Delly	NB2028	chr3	102923066	chr5	60654129
Delly	NB2028	chr3	10625753	chr5	126101528
Delly	NB2028	chr3	107705394	chr5	124427847
Delly	NB2028	chr3	113339980	chr5	13692265
Delly	NB2028	chr3	120193457	chr5	131393749
Delly	NB2028	chr3	120665999	chr5	115132154
Delly	NB2028	chr3	121365368	chr5	135835347
Delly	NB2028	chr3	124278126	chr5	160519027
Delly	NB2028	chr3	126943477	chr5	145724875
Delly	NB2028	chr3	128315587	chr5	21430537
Delly	NB2028	chr3	128316541	chr5	22186041
Delly	NB2028	chr3	1349353	chr5	99857247
Delly	NB2028	chr3	1350565	chr5	26014596
Delly	NB2028	chr3	139835002	chr5	22187141
Delly	NB2028	chr3	143625262	chr5	113073293
Delly	NB2028	chr3	143625360	chr5	24849366
Delly	NB2028	chr3	149721417	chr5	101142479
Delly	NB2028	chr3	169746612	chr5	180643011
Delly	NB2028	chr3	169747635	chr5	124430047
Delly	NB2028	chr3	175932209	chr5	67533377
Delly	NB2028	chr3	184561289	chr5	134528505
Delly	NB2028	chr3	184660792	chr5	79396565
Delly	NB2028	chr3	194279065	chr5	83159449
Delly	NB2028	chr3	194396059	chr5	87023262
Delly	NB2028	chr3	194401167	chr5	107230987
Delly	NB2028	chr3	194401439	chr5	115133692
Delly	NB2028	chr3	194418502	chr5	131095204
Delly	NB2028	chr3	194461821	chr5	152613443
Delly	NB2028	chr3	194470788	chr5	67534176
Delly	NB2028	chr3	194614080	chr5	81929095
Delly	NB2028	chr3	194614470	chr5	124428203
Delly	NB2028	chr3	195079610	chr5	82619204
Delly	NB2028	chr3	195081359	chr5	82902226
Delly	NB2028	chr3	195081732	chr5	21429412
Delly	NB2028	chr3	195081849	chr5	124428207
Delly	NB2028	chr3	195087001	chr5	82853946
Delly	NB2028	chr3	195287790	chr5	115341022
Delly	NB2028	chr3	195943896	chr5	149654079
Delly	NB2028	chr3	26080325	chr5	117614263
Delly	NB2028	chr3	26628987	chr5	145338925
Delly	NB2028	chr3	26744688	chr5	134576704
Delly	NB2028	chr3	39156803	chr5	113073004
Delly	NB2028	chr3	48682859	chr5	44137219
Delly	NB2028	chr3	52894703	chr5	131393636
Delly	NB2028	chr3	58136532	chr5	131093012
Delly	NB2028	chr3	69596205	chr5	139106490
Delly	NB2028	chr3	69623984	chr5	1878709
Delly	NB2028	chr3	7172330	chr5	124430125
Delly	NB2028	chr3	72204275	chr5	81906984
Delly	NB2028	chr3	9838531	chr5	14580212
Delly	NB2028	chr8	95180401	chr19	30835213
Delly	NB2030	chr1	41692373	chr17	42772086
Delly	NB2030	chr1	10431	chr18	78016405
Delly	NB2030	chr2	16158106	chr1	239133495
Delly	NB2030	chr1	62390939	chr3	193259038
Delly	NB2030	chr2	16220935	chr4	82515378
Delly	NB2030	chr3	101279743	chr6	32370225
Delly	NB2032	chr11	4556227	chr15	77910871
Delly	NB2032	chr11	69470734	chr17	30367232
Delly	NB2032	chr12	96029693	chr17	65918560
Delly	NB2032	chr14	106788870	chr15	77910871
Delly	NB2032	chr7	24677965	chr15	77910867
Delly	NB2034	chr1	51735908	chr12	8039668
Delly	NB2034	chr17	38680037	chr19	4829922
Delly	NB2034	chr2	46773471	chr11	125627144
Delly	NB2034	chr2	15827778	chr16	87515133
Delly	NB2034	chr2	6614094	chr9	33745430
Delly	NB2037	chr7	20707288	chr12	120357814
Delly	NB2039	chr1	18829353	chr2	102402146
Delly	NB2039	chr11	62880658	chr12	109544737
Delly	NB2039	chr2	15454968	chr8	123330287
Delly	NB2044	chr1	212974638	chr12	111306531
Delly	NB2044	chr1	247108457	chr14	100727140
Delly	NB2044	chr1	59956668	chr19	8195528
Delly	NB2044	chr1	178009579	chr2	206802962
Delly	NB2044	chr1	52629179	chr2	27764215
Delly	NB2044	chr1	52629195	chr2	27761968
Delly	NB2044	chr1	16678898	chr3	126278010
Delly	NB2044	chr1	12840261	chr4	121923410
Delly	NB2044	chr1	19501812	chr4	114699596
Delly	NB2044	chr1	163314432	chr5	55384183
Delly	NB2044	chr1	242143860	chr7	1623213
Delly	NB2044	chr1	64882567	chr8	21879104
Delly	NB2044	chr1	19501815	chr9	115804780
Delly	NB2044	chr1	32061052	chr9	16938542
Delly	NB2044	chr10	32320834	chr12	125426968
Delly	NB2044	chr10	70003389	chr12	115760851
Delly	NB2044	chr10	12118056	chr15	75867613
Delly	NB2044	chr10	101854902	chrX	90335662
Delly	NB2044	chr11	116190999	chr12	20734663
Delly	NB2044	chr11	47806641	chr15	75867615
Delly	NB2044	chr17	10138715	chr11	37429052
Delly	NB2044	chr12	34017338	chr13	48856830
Delly	NB2044	chr12	73239572	chr15	94886272
Delly	NB2044	chr12	73239578	chr15	94888543
Delly	NB2044	chr17	73942382	chr13	69467977
Delly	NB2044	chr14	54655713	chrX	121656449
Delly	NB2044	chr15	23666176	chr16	14495709
Delly	NB2044	chr17	46935337	chrX	9760201
Delly	NB2044	chr2	131370796	chr10	28662342
Delly	NB2044	chr2	135408007	chr12	77567040
Delly	NB2044	chr2	109815791	chr13	90370975
Delly	NB2044	chr2	109816306	chr13	90371117
Delly	NB2044	chr2	173030615	chr20	42765607
Delly	NB2044	chr2	6393346	chrX	23990183
Delly	NB2044	chr2	119363753	chr3	101279840
Delly	NB2044	chr2	90072602	chr4	104498425
Delly	NB2044	chr2	69323391	chr5	109945967
Delly	NB2044	chr2	11142261	chr6	157968730
Delly	NB2044	chr2	196434010	chr6	88117381
Delly	NB2044	chr2	163609543	chr9	24546492
Delly	NB2044	chr2	35879356	chr9	98459860
Delly	NB2044	chr3	163919269	chr10	36761388
Delly	NB2044	chr3	163919282	chr10	36760446
Delly	NB2044	chr3	22320982	chr11	25923533
Delly	NB2044	chr3	122652854	chr12	49892754
Delly	NB2044	chr3	16406572	chrY	7588540
Delly	NB2044	chr3	16409839	chrY	7588542
Delly	NB2044	chr5	14306271	chr3	56816678
Delly	NB2044	chr3	26470316	chr6	77722511
Delly	NB2044	chr9	99892031	chr3	88353535
Delly	NB2044	chr4	83144087	chr10	20834938
Delly	NB2044	chr4	114699754	chr14	80571746
Delly	NB2044	chr4	71278909	chr18	66197602
Delly	NB2044	chr4	183256370	chr8	131547772
Delly	NB2044	chr4	183256370	chr8	70935934
Delly	NB2044	chr4	183256674	chr8	131547787
Delly	NB2044	chr4	183256674	chr8	70935949
Delly	NB2044	chr5	54865784	chr10	75489280
Delly	NB2044	chr5	113225050	chr11	101907622
Delly	NB2044	chr5	169376688	chr11	118200968
Delly	NB2044	chr5	75275332	chr11	89932523
Delly	NB2044	chr5	98610430	chr17	60434050
Delly	NB2044	chr5	24370537	chr7	8886704
Delly	NB2044	chr5	9162677	chr7	55777619
Delly	NB2044	chr8	9144650	chr5	59633204
Delly	NB2044	chr6	141770870	chr10	19192077
Delly	NB2044	chr6	110626741	chrX	75253782
Delly	NB2044	chr6	46310290	chrX	106855453
Delly	NB2044	chr6	84794578	chrX	17239315
Delly	NB2044	chr6	157968705	chrY	9429633
Delly	NB2044	chr7	90022458	chr6	118626162
Delly	NB2044	chr6	144120338	chr7	153002528
Delly	NB2044	chr6	107307835	chr8	105231728
Delly	NB2044	chr6	121733150	chr8	111740734
Delly	NB2044	chr6	151765786	chr9	77551279
Delly	NB2044	chr7	40416763	chr11	16154056
Delly	NB2044	chr12	108203264	chr7	111053152
Delly	NB2044	chr12	108203259	chr7	111053754
Delly	NB2044	chr7	4431043	chr12	68671186
Delly	NB2044	chr7	1210054	chr14	30295853
Delly	NB2044	chr16	74845007	chr7	20709421
Delly	NB2044	chr7	86154694	chr18	49931765
Delly	NB2044	chr7	3226295	chr20	13704145
Delly	NB2044	chr7	32459731	chrX	145124760
Delly	NB2044	chr7	107373283	chr8	94417857
Delly	NB2044	chr7	134711056	chr8	118679708
Delly	NB2044	chr18	57070970	chr8	134972223
Delly	NB2044	chr8	90765922	chr19	32289034
Delly	NB2044	chr9	115804583	chr14	80571601
Delly	NB2044	chr9	109235259	chrY	21575615
Delly	NB2065	chr1	155465702	chr7	2363781
Delly	NB2065	chr11	6430411	chr14	92934129
Delly	NB2065	chr11	68189036	chr17	47011008
Delly	NB2065	chr11	71967871	chr17	40974225
Delly	NB2065	chr2	43825830	chr3	54559154
Delly	NB2065	chr7	54709905	chr18	77771959
Delly	NB2009	chr11	71676768	chr17	1305190
Delly	NB2009	chr17	38228649	chr11	71676769
Delly	NB2009	chr11	79108841	chr17	1576439
Delly	NB2009	chr14	65377168	chr17	34927846
Delly	NB2009	chr3	122204814	chr17	4057546
Delly	NB2009	chr5	138636681	chr16	3884854
Delly	NB2009	chr5	138679580	chr16	3903455
Delly	NB2009	chr7	156702252	chr10	31256304
Delly	NB2010	chr11	73473726	chr17	46406193
Delly	NB2010	chr13	47114400	chr14	55206521
Delly	NB2010	chr17	2260674	chr19	872530
Delly	NB2010	chr17	2287960	chr19	821906
Delly	NB2010	chr17	27643308	chr22	28287036
Delly	NB2010	chr5	14142900	chr6	114364703
Delly	NB2016	chr1	115156034	chr11	17443873
Delly	NB2016	chr1	87543233	chr17	58861963
Delly	NB2016	chr1	10878053	chr3	168774210
Delly	NB2016	chr11	73108223	chr17	30380949
Delly	NB2016	chr20	42735715	chr21	19840168
Delly	NB2016	chr8	70529609	chr16	89935473
Delly	NB2016	chr8	23403510	chrX	12907668
Delly	NB2016	chr8	23436496	chrX	12888352
Delly	NB2017	chr1	47804269	chr6	45872385
Delly	NB2017	chr13	97684064	chr20	16875030
Delly	NB2017	chr17	15378631	chr2	163609413
Delly	NB2017	chr5	163081948	chr16	19230792
Delly	NB2019	chr3	54982259	chr17	26940484
Delly	NB2019	chr7	124119104	chr15	77910868
Delly	NB2019	chr8	132555379	chr11	78646610
Delly	NB2020	chr14	99067578	chr17	35427969
Delly	NB2024	chr7	123549525	chr15	77910877
Smufin	NB2005	chr6	26213113	chr13	101535961
Smufin	NB2012	chr1	113222993	chr4	109527002
Smufin	NB2012	chr1	179491966	chr6	170038124
Smufin	NB2012	chr11	61841813	chr14	81786773
Smufin	NB2012	chr2	218265091	chr11	85444947
Smufin	NB2012	chr17	61687327	chr2	179315909
Smufin	NB2012	chr5	33169270	chr8	26073386
Smufin	NB2012	chr6	49561929	chr7	64653121
Smufin	NB2012	chr9	111115161	chr10	58902214
Smufin	NB2027	chr17	63057384	chr1	143394759
Smufin	NB2027	chr1	205107081	chr17	63017167
Smufin	NB2027	chr1	28191902	chr17	63084378
Smufin	NB2027	chr1	50870730	chr17	63026899
Smufin	NB2027	chr2	16042579	chr1	228014113
Smufin	NB2027	chr2	16447516	chr1	46414070
Smufin	NB2027	chr10	25249673	chr12	32071199
Smufin	NB2027	chr10	126475049	chr17	63086291
Smufin	NB2027	chr17	63094718	chr10	8494090
Smufin	NB2027	chr17	63093243	chr10	87222807
Smufin	NB2027	chr11	30909736	chr17	63180956
Smufin	NB2027	chr17	63150142	chr11	40374992
Smufin	NB2027	chr12	120999973	chr17	63170598
Smufin	NB2027	chr12	77386947	chr17	63079603
Smufin	NB2027	chr12	83615515	chr17	63142331
Smufin	NB2027	chr17	63077646	chr13	28791439
Smufin	NB2027	chr17	63012650	chr13	84640481
Smufin	NB2027	chr14	36711165	chr17	63253179
Smufin	NB2027	chr17	63170561	chr14	52062988
Smufin	NB2027	chr16	25659983	chr17	63061285
Smufin	NB2027	chr17	38519772	chrX	155260297
Smufin	NB2027	chr2	16027601	chr17	64320015
Smufin	NB2027	chr2	16213853	chr17	63152435
Smufin	NB2027	chr2	16222228	chr17	63007609
Smufin	NB2027	chr2	16338686	chr17	63187911
Smufin	NB2027	chr2	16405140	chr17	63240390
Smufin	NB2027	chr2	16405242	chr17	63018763
Smufin	NB2027	chr2	16446022	chr17	63058710
Smufin	NB2027	chr2	42548435	chr17	63286835
Smufin	NB2027	chr2	42568489	chr17	64343105
Smufin	NB2027	chr2	42581019	chr17	63169468
Smufin	NB2027	chr17	63141511	chr2	52757576
Smufin	NB2027	chr2	63255084	chr17	63020333
Smufin	NB2027	chr17	63061147	chr2	64815886
Smufin	NB2027	chr17	63123033	chr2	87358196
Smufin	NB2027	chr2	16353160	chr5	1332354
Smufin	NB2027	chr2	16185662	chr7	2898771
Smufin	NB2027	chr17	64331188	chr3	139145507
Smufin	NB2027	chr3	169975469	chr17	63086322
Smufin	NB2027	chr17	63170552	chr3	29492468
Smufin	NB2027	chr3	42106265	chr17	63131940
Smufin	NB2027	chr3	36460130	chr9	13655418
Smufin	NB2027	chr17	63170592	chr4	16910726
Smufin	NB2027	chr17	63141210	chr4	38066225
Smufin	NB2027	chr4	141043658	chr5	124147824
Smufin	NB2027	chr17	63150141	chr5	110742247
Smufin	NB2027	chr17	63146792	chr5	174035357
Smufin	NB2027	chr17	63181267	chr5	1827252
Smufin	NB2027	chr6	67152291	chr17	63171222
Smufin	NB2027	chr17	63123053	chr8	109595889
Smufin	NB2027	chr9	37060375	chr17	63202824
Smufin	NB2027	chr17	63202589	chr9	86427354
Smufin	NB2027	chr9	95316767	chr17	63072460
Smufin	NB2028	chr10	53536519	chr20	24677270
Smufin	NB2028	chr10	94109581	chr20	24675932
Smufin	NB2028	chr10	94110691	chr20	23913342
Smufin	NB2028	chr10	64882941	chr3	150273781
Smufin	NB2028	chr3	173339463	chr20	23915725
Smufin	NB2028	chr3	100838573	chr5	109332421
Smufin	NB2028	chr3	100954015	chr5	124426622
Smufin	NB2028	chr3	102923066	chr5	60654129
Smufin	NB2028	chr3	107705006	chr5	81928871
Smufin	NB2028	chr3	107705394	chr5	124427847
Smufin	NB2028	chr3	113339980	chr5	13692265
Smufin	NB2028	chr3	120193457	chr5	131393749
Smufin	NB2028	chr3	120665999	chr5	115132154
Smufin	NB2028	chr3	121365368	chr5	135835347
Smufin	NB2028	chr3	124278126	chr5	160519027
Smufin	NB2028	chr3	126943477	chr5	145724875
Smufin	NB2028	chr3	128316541	chr5	22186041
Smufin	NB2028	chr3	1349353	chr5	99857247
Smufin	NB2028	chr3	1350565	chr5	26014596
Smufin	NB2028	chr3	139835002	chr5	22187141
Smufin	NB2028	chr3	169746612	chr5	180643011
Smufin	NB2028	chr3	169747635	chr5	124430047
Smufin	NB2028	chr3	175932209	chr5	67533377
Smufin	NB2028	chr3	184561289	chr5	134528505
Smufin	NB2028	chr3	184660792	chr5	79396565
Smufin	NB2028	chr3	194279065	chr5	83159449
Smufin	NB2028	chr3	194396059	chr5	87023262
Smufin	NB2028	chr3	194418502	chr5	131095204
Smufin	NB2028	chr3	194461821	chr5	152613443
Smufin	NB2028	chr3	194470788	chr5	67534176
Smufin	NB2028	chr3	194614080	chr5	81929095
Smufin	NB2028	chr3	194614083	chr5	82624700
Smufin	NB2028	chr3	194771160	chr5	131394187
Smufin	NB2028	chr3	195081732	chr5	21429412
Smufin	NB2028	chr3	195081849	chr5	124428207
Smufin	NB2028	chr3	195087001	chr5	82853946
Smufin	NB2028	chr3	195287790	chr5	115341022
Smufin	NB2028	chr3	195943896	chr5	149654079
Smufin	NB2028	chr3	26080325	chr5	117614263
Smufin	NB2028	chr3	26628987	chr5	145338925
Smufin	NB2028	chr3	26629379	chr5	157281570
Smufin	NB2028	chr3	52894703	chr5	131393636
Smufin	NB2028	chr3	58136532	chr5	131093012
Smufin	NB2028	chr3	69596205	chr5	139106490
Smufin	NB2028	chr3	7172330	chr5	124430125
Smufin	NB2028	chr3	72204275	chr5	81906984
Smufin	NB2028	chr7	135058567	chr22	31622449
Smufin	NB2030	chr1	41692373	chr17	42772086
Smufin	NB2030	chr2	16425564	chr5	166095426
Smufin	NB2030	chr2	16383107	chr6	149108459
Smufin	NB2030	chr3	101279743	chr6	32370225
Smufin	NB2030	chr6	32688578	chr9	9950757
Smufin	NB2030	chr9	19392601	chr17	51031203
Smufin	NB2032	chr12	96029693	chr17	65918560
Smufin	NB2032	chr4	95518746	chr7	46904658
Smufin	NB2034	chr2	16050322	chr1	160938364
Smufin	NB2034	chr2	16044954	chr1	24396303
Smufin	NB2034	chr2	46773471	chr11	125627144
Smufin	NB2034	chr5	54865783	chr10	75489279
Smufin	NB2034	chr9	110262014	chr12	25462949
Smufin	NB2037	chr17	39731602	chr22	41090717
Smufin	NB2037	chr6	117916569	chrX	123893156
Smufin	NB2039	chr1	10468766	chr17	57593126
Smufin	NB2039	chr1	28540440	chr22	51093365
Smufin	NB2039	chr1	70854657	chr3	67370015
Smufin	NB2039	chr1	150757781	chr6	43931105
Smufin	NB2039	chr12	49400577	chr22	25907637
Smufin	NB2039	chr17	41944820	chr22	28042014
Smufin	NB2039	chr2	15454968	chr8	123330287
Smufin	NB2039	chr3	30849887	chr4	89466698
Smufin	NB2039	chr6	7475950	chr17	70697946
Smufin	NB2039	chr15	50022592	chr7	112831888
Smufin	NB2044	chr10	104528451	chr1	178692781
Smufin	NB2044	chr1	66804419	chr10	54466942
Smufin	NB2044	chr1	169780306	chr11	60293400
Smufin	NB2044	chr1	169316199	chr14	81092520
Smufin	NB2044	chr1	43008532	chr16	77230192
Smufin	NB2044	chr1	38241382	chr19	11422016
Smufin	NB2044	chr2	8617089	chr1	37211666
Smufin	NB2044	chr1	52629179	chr2	27764215
Smufin	NB2044	chr1	7078200	chr2	134420860
Smufin	NB2044	chr22	29801811	chr1	174484638
Smufin	NB2044	chr1	188438213	chr22	37127100
Smufin	NB2044	chr1	24941265	chrX	83418359
Smufin	NB2044	chr1	101978991	chr3	89509824
Smufin	NB2044	chr1	163314431	chr3	161247051
Smufin	NB2044	chr1	16678898	chr3	126278010
Smufin	NB2044	chr1	79582075	chr3	99940769
Smufin	NB2044	chr1	19501812	chr4	114699596
Smufin	NB2044	chr1	83671433	chr4	174786708
Smufin	NB2044	chr1	184950473	chr5	147462479
Smufin	NB2044	chr1	223491185	chr5	68263475
Smufin	NB2044	chr1	84517943	chr5	29576432
Smufin	NB2044	chr1	44631621	chr6	101806998
Smufin	NB2044	chr1	79304443	chr6	131273499
Smufin	NB2044	chr1	108142466	chr7	33036693
Smufin	NB2044	chr1	242143860	chr7	1623213
Smufin	NB2044	chr1	63339682	chr8	139325979
Smufin	NB2044	chr1	69676182	chr8	40795633
Smufin	NB2044	chr1	161213881	chr9	76238787
Smufin	NB2044	chr1	19501815	chr9	115804780
Smufin	NB2044	chr1	242143846	chr9	123259730
Smufin	NB2044	chr10	9258932	chr12	88338170
Smufin	NB2044	chr10	86686849	chr17	79120759
Smufin	NB2044	chr11	116190999	chr12	20734663
Smufin	NB2044	chr11	114686177	chr13	78117523
Smufin	NB2044	chr11	11948508	chr14	65363544
Smufin	NB2044	chr11	49997623	chr18	25851171
Smufin	NB2044	chr12	34017338	chr13	48856830
Smufin	NB2044	chr12	40006901	chr13	61367408
Smufin	NB2044	chr12	74389648	chr14	40312947
Smufin	NB2044	chr12	73239578	chr15	94888543
Smufin	NB2044	chr12	43654743	chr18	46523833
Smufin	NB2044	chr12	87274081	chrX	45318871
Smufin	NB2044	chr17	73942382	chr13	69467977
Smufin	NB2044	chr14	47836088	chrY	24421220
Smufin	NB2044	chr15	97770234	chr18	26748374
Smufin	NB2044	chr16	17608970	chr17	14527654
Smufin	NB2044	chr2	28270493	chr10	51477087
Smufin	NB2044	chr2	29806417	chr10	63425359
Smufin	NB2044	chr2	101892206	chr11	87316933
Smufin	NB2044	chr2	145003853	chr12	67011588
Smufin	NB2044	chr2	242203469	chr12	66207071
Smufin	NB2044	chr2	142622872	chr4	1301833
Smufin	NB2044	chr2	226753690	chr4	72829640
Smufin	NB2044	chr2	37261469	chr4	2571799
Smufin	NB2044	chr2	102912450	chr5	39787751
Smufin	NB2044	chr2	161333372	chr5	180349604
Smufin	NB2044	chr2	195568071	chr5	68499849
Smufin	NB2044	chr2	196434010	chr6	88117381
Smufin	NB2044	chr2	652672	chr6	89424466
Smufin	NB2044	chr7	37998828	chr2	212845764
Smufin	NB2044	chr7	104927724	chr2	233845876
Smufin	NB2044	chr7	90787645	chr2	50759093
Smufin	NB2044	chr2	15359427	chr8	146253388
Smufin	NB2044	chr2	189163017	chr9	7679910
Smufin	NB2044	chr3	163919282	chr10	36760446
Smufin	NB2044	chr3	155040660	chr12	104050621
Smufin	NB2044	chr3	1647623	chr4	121809254
Smufin	NB2044	chr5	14306271	chr3	56816678
Smufin	NB2044	chr3	90033872	chr5	61857118
Smufin	NB2044	chr3	190999450	chr7	32580818
Smufin	NB2044	chr9	77991117	chr3	83202804
Smufin	NB2044	chr4	179444719	chr10	70923823
Smufin	NB2044	chr4	78073350	chr11	39115803
Smufin	NB2044	chr4	173371350	chr12	131144866
Smufin	NB2044	chr4	102216171	chr18	75846483
Smufin	NB2044	chr4	53222454	chr21	47387665
Smufin	NB2044	chr4	152320152	chr5	50785686
Smufin	NB2044	chr4	114422447	chr6	36161546
Smufin	NB2044	chr4	120639904	chr6	30439413
Smufin	NB2044	chr4	189686822	chr7	154858206
Smufin	NB2044	chr4	40881204	chr7	131007633
Smufin	NB2044	chr5	156986985	chr10	14396698
Smufin	NB2044	chr5	84929791	chr11	129333101
Smufin	NB2044	chr5	136059711	chr12	87274079
Smufin	NB2044	chr5	84544389	chr12	54853816
Smufin	NB2044	chr5	14015709	chr13	80908413
Smufin	NB2044	chr5	180368895	chr13	98898453
Smufin	NB2044	chr5	76682965	chr22	47334956
Smufin	NB2044	chr5	122976151	chr6	45967794
Smufin	NB2044	chr5	89381801	chr6	90730315
Smufin	NB2044	chr5	42625864	chr7	85859667
Smufin	NB2044	chr7	10099477	chr5	5279799
Smufin	NB2044	chr6	120273637	chr10	92215056
Smufin	NB2044	chr6	114548411	chr12	87274079
Smufin	NB2044	chr6	46310294	chr14	20554472
Smufin	NB2044	chr6	143951375	chr15	39267363
Smufin	NB2044	chr6	135792862	chr21	33050849
Smufin	NB2044	chr6	15666705	chrX	140202683
Smufin	NB2044	chr7	67537187	chr6	114186334
Smufin	NB2044	chr7	90022458	chr6	118626162
Smufin	NB2044	chr6	107307835	chr8	105231728
Smufin	NB2044	chr7	106383310	chr10	132767834
Smufin	NB2044	chr12	108203264	chr7	111053152
Smufin	NB2044	chr7	102895741	chr13	31175597
Smufin	NB2044	chr7	129066575	chr13	38970153
Smufin	NB2044	chr7	37998827	chr13	92161658
Smufin	NB2044	chr7	122373541	chr14	24175029
Smufin	NB2044	chr7	31892591	chr15	45869526
Smufin	NB2044	chr20	43305490	chr7	1185074
Smufin	NB2044	chr7	3226295	chr20	13704145
Smufin	NB2044	chr7	130867420	chr22	29059271
Smufin	NB2044	chr7	52199449	chr8	100782582
Smufin	NB2044	chr8	13561289	chr11	104010815
Smufin	NB2044	chr8	92153187	chr11	104786608
Smufin	NB2044	chr8	104852678	chr15	42018059
Smufin	NB2044	chr8	48747507	chr15	39691605
Smufin	NB2044	chr9	75542985	chr11	101808596
Smufin	NB2044	chr9	86237013	chr11	41530248
Smufin	NB2044	chr9	111949723	chr14	34290042
Smufin	NB2044	chr9	2351303	chr14	50333990
Smufin	NB2044	chr9	111912259	chr15	39267360
Smufin	NB2044	chr9	138725234	chr15	26141232
Smufin	NB2044	chr9	121482998	chr17	35922028
Smufin	NB2065	chr1	155465702	chr7	2363781
Smufin	NB2065	chr11	6398398	chr14	92898922
Smufin	NB2065	chr11	6430411	chr14	92934129
Smufin	NB2065	chr11	68164910	chr17	46979487
Smufin	NB2065	chr11	68189036	chr17	47011008
Smufin	NB2065	chr11	71967871	chr17	40974225
Smufin	NB2065	chr5	175733390	chr18	55381820
Smufin	NB2065	chr5	1254866	chr6	22472329
Smufin	NB2065	chr7	54709905	chr18	77771959
Smufin	NB2002	chr6	88217546	chr20	52021643
Smufin	NB2009	chr11	79108841	chr17	1576439
Smufin	NB2009	chr3	122204814	chr17	4057546
Smufin	NB2009	chr5	138636681	chr16	3884854
Smufin	NB2009	chr5	381450	chr6	157047753
Smufin	NB2009	chr7	156702420	chr22	34681458
Smufin	NB2010	chr11	73473726	chr17	46406193
Smufin	NB2010	chr13	47114400	chr14	55206521
Smufin	NB2010	chr17	2260675	chr19	922751
Smufin	NB2010	chr4	184159690	chr8	12390333
Smufin	NB2010	chr5	14142900	chr6	114364703
Smufin	NB2016	chr1	115156034	chr11	17443873
Smufin	NB2016	chr1	210965183	chr12	104334399
Smufin	NB2016	chr1	210965447	chr12	104393041
Smufin	NB2016	chr1	211092488	chr12	104390135
Smufin	NB2016	chr1	87543233	chr17	58861963
Smufin	NB2016	chr11	73108223	chr17	30380949
Smufin	NB2016	chr20	42735715	chr21	19840168
Smufin	NB2016	chr4	57813140	chr14	33175622
Smufin	NB2016	chr4	45556441	chr7	155328841
Smufin	NB2016	chr5	1240950	chr11	68981723
Smufin	NB2016	chr8	30145401	chr17	7167959
Smufin	NB2016	chr8	103371557	chr22	19934439
Smufin	NB2016	chr8	23436496	chrX	12888352
Smufin	NB2017	chr1	11438496	chr17	38415465
Smufin	NB2017	chr17	74987844	chr12	5769602
Smufin	NB2017	chr5	175733390	chr18	55381820
Smufin	NB2018	chr1	2797278	chr3	10410535
Smufin	NB2018	chr1	2797695	chr3	10371437
Smufin	NB2018	chr17	41508292	chr11	74758083
Smufin	NB2018	chr20	55647239	chr16	65088281
Smufin	NB2018	chr20	55642712	chr16	65088527
Smufin	NB2018	chr2	44080101	chr4	9854177
Smufin	NB2018	chr2	66957686	chr5	11939177
Smufin	NB2018	chr6	52537128	chr3	124725755
Smufin	NB2018	chr7	154095332	chr5	1246552
Smufin	NB2018	chr7	154501713	chr5	1303194
Smufin	NB2018	chr8	132621614	chr16	12456806
Smufin	NB2018	chr8	132622288	chr16	12443498
Smufin	NB2019	chr3	54982259	chr17	26940484
Smufin	NB2019	chr3	14944397	chr7	82347032
Smufin	NB2019	chr8	132555379	chr11	78646610
Smufin	NB2020	chr2	10357168	chr17	67868138
Smufin	NB2020	chr2	10520818	chr17	52429802
Smufin	NB2020	chr2	15732649	chr17	51969355
Smufin	NB2020	chr2	17123311	chr17	67210997
Smufin	NB2020	chr5	160531510	chr16	876964
Smufin	NB2021	chr19	16742737	chr22	29845850
Smufin	NB2021	chr2	237757893	chr5	94397137
Svaba	NB2003	chr1	215044087	chr15	63770030
Svaba	NB2012	chr13	44069826	chr15	41853321
Svaba	NB2012	chr3	112314835	chr4	169546534
Svaba	NB2012	chr7	111249279	chr19	57993803
Svaba	NB2027	chr2	16027601	chr17	64320015
Svaba	NB2027	chr2	16101222	chr17	63031378
Svaba	NB2027	chr2	16222228	chr17	63007609
Svaba	NB2027	chr2	16338686	chr17	63187911
Svaba	NB2027	chr2	16405140	chr17	63240390
Svaba	NB2027	chr2	16405242	chr17	63018763
Svaba	NB2027	chr2	16446022	chr17	63058710
Svaba	NB2027	chr2	16353160	chr5	1332354
Svaba	NB2027	chr17	63181267	chr5	1827252
Svaba	NB2028	chr10	53536519	chr20	24677270
Svaba	NB2028	chr10	94109581	chr20	24675932
Svaba	NB2028	chr10	94110691	chr20	23913342
Svaba	NB2028	chr17	45607900	chrX	29626796
Svaba	NB2028	chr10	64882941	chr3	150273781
Svaba	NB2028	chr3	113342062	chr20	23246039
Svaba	NB2028	chr3	173339463	chr20	23915725
Svaba	NB2028	chr3	100838573	chr5	109332421
Svaba	NB2028	chr3	100954015	chr5	124426622
Svaba	NB2028	chr3	102923066	chr5	60654129
Svaba	NB2028	chr3	10625752	chr5	157281673
Svaba	NB2028	chr3	10625753	chr5	126101528
Svaba	NB2028	chr3	107705006	chr5	81928871
Svaba	NB2028	chr3	107705394	chr5	124427847
Svaba	NB2028	chr3	113339980	chr5	13692265
Svaba	NB2028	chr3	120193457	chr5	131393749
Svaba	NB2028	chr3	120665999	chr5	115132154
Svaba	NB2028	chr3	121365368	chr5	135835347
Svaba	NB2028	chr3	124278126	chr5	160519027
Svaba	NB2028	chr3	126943477	chr5	145724875
Svaba	NB2028	chr3	128315587	chr5	21430537
Svaba	NB2028	chr3	128316541	chr5	22186041
Svaba	NB2028	chr3	1349353	chr5	99857247
Svaba	NB2028	chr3	1350565	chr5	26014596
Svaba	NB2028	chr3	139835002	chr5	22187141
Svaba	NB2028	chr3	143625262	chr5	113073293
Svaba	NB2028	chr3	143625360	chr5	24849366
Svaba	NB2028	chr3	149721417	chr5	101142479
Svaba	NB2028	chr3	169746612	chr5	180643011
Svaba	NB2028	chr3	169747635	chr5	124430047
Svaba	NB2028	chr3	172414832	chr5	149652197
Svaba	NB2028	chr3	175932209	chr5	67533377
Svaba	NB2028	chr3	182899962	chr5	115331329
Svaba	NB2028	chr3	184561289	chr5	134528505
Svaba	NB2028	chr3	184660792	chr5	79396565
Svaba	NB2028	chr3	185988065	chr5	126099463
Svaba	NB2028	chr3	194279065	chr5	83159449
Svaba	NB2028	chr3	194396059	chr5	87023262
Svaba	NB2028	chr3	194401167	chr5	107230987
Svaba	NB2028	chr3	194401439	chr5	115133692
Svaba	NB2028	chr3	194401922	chr5	178603294
Svaba	NB2028	chr3	194418502	chr5	131095204
Svaba	NB2028	chr3	194461821	chr5	150598250
Svaba	NB2028	chr3	194461821	chr5	152613443
Svaba	NB2028	chr3	194470788	chr5	67534176
Svaba	NB2028	chr3	194614080	chr5	81929095
Svaba	NB2028	chr3	194614083	chr5	82624700
Svaba	NB2028	chr3	194614470	chr5	124428203
Svaba	NB2028	chr3	194771160	chr5	131394187
Svaba	NB2028	chr3	194771434	chr5	178603294
Svaba	NB2028	chr3	195079610	chr5	82619204
Svaba	NB2028	chr3	195081359	chr5	82902226
Svaba	NB2028	chr3	195081760	chr5	131393996
Svaba	NB2028	chr3	195081859	chr5	21429466
Svaba	NB2028	chr3	195081901	chr5	124428226
Svaba	NB2028	chr3	195087001	chr5	82853946
Svaba	NB2028	chr3	195287790	chr5	115341022
Svaba	NB2028	chr3	195943896	chr5	149654079
Svaba	NB2028	chr3	20199238	chr5	103493944
Svaba	NB2028	chr3	26080325	chr5	117614263
Svaba	NB2028	chr3	26628987	chr5	145338925
Svaba	NB2028	chr3	26629379	chr5	157281570
Svaba	NB2028	chr3	26744688	chr5	134576704
Svaba	NB2028	chr3	39156803	chr5	113073004
Svaba	NB2028	chr3	48682859	chr5	44137219
Svaba	NB2028	chr3	52894703	chr5	131393636
Svaba	NB2028	chr3	58136532	chr5	131093012
Svaba	NB2028	chr3	69596205	chr5	139106490
Svaba	NB2028	chr3	7172330	chr5	124430125
Svaba	NB2028	chr7	6211481	chr3	115093014
Svaba	NB2028	chr4	140853192	chr6	27605147
Svaba	NB2030	chr1	41692373	chr17	42772086
Svaba	NB2030	chr2	208439387	chr20	39878909
Svaba	NB2030	chr2	16425564	chr5	166095426
Svaba	NB2030	chr2	16383107	chr6	149108459
Svaba	NB2032	chr11	69470734	chr17	30367232
Svaba	NB2032	chr12	96029693	chr17	65918560
Svaba	NB2034	chr1	51735908	chr12	8039668
Svaba	NB2034	chr17	38680037	chr19	4829922
Svaba	NB2034	chr2	46773471	chr11	125627144
Svaba	NB2037	chr1	245875467	chr7	124710010
Svaba	NB2037	chr13	96077700	chr16	67719808
Svaba	NB2037	chr17	39731602	chr22	41090717
Svaba	NB2037	chr2	3614096	chr4	88374299
Svaba	NB2039	chr1	151809215	chr18	74812485
Svaba	NB2039	chr6	13729823	chr1	145421377
Svaba	NB2039	chr1	29287073	chr6	125549816
Svaba	NB2039	chr1	12075509	chr7	68416917
Svaba	NB2039	chr7	96031654	chr1	51210823
Svaba	NB2039	chr11	14069792	chr10	118796800
Svaba	NB2039	chr12	109875765	chr10	20704576
Svaba	NB2039	chr12	48200451	chr16	11605719
Svaba	NB2039	chr12	41696748	chr19	56763766
Svaba	NB2039	chr15	41650863	chr17	76505313
Svaba	NB2039	chr17	34000350	chr16	63896780
Svaba	NB2039	chr17	41944820	chr22	28042014
Svaba	NB2039	chr13	51110788	chr2	59976822
Svaba	NB2039	chr2	219479953	chr16	50547524
Svaba	NB2039	chr2	219391238	chr4	168445011
Svaba	NB2039	chr2	71146069	chr6	91495723
Svaba	NB2039	chr2	15454968	chr8	123330287
Svaba	NB2039	chr3	135110101	chr11	69665752
Svaba	NB2039	chr3	71845583	chr11	67769174
Svaba	NB2039	chr3	142035430	chr20	56302109
Svaba	NB2039	chr3	55096313	chr8	91933554
Svaba	NB2039	chr4	56450703	chr6	25251079
Svaba	NB2039	chr5	130904100	chr16	31887610
Svaba	NB2039	chr6	37544272	chr15	97443619
Svaba	NB2039	chr8	41935382	chr6	16211837
Svaba	NB2039	chr7	5881735	chr8	87166085
Svaba	NB2039	chr8	132705973	chr10	34718766
Svaba	NB2039	chr9	78332497	chr10	86361868
Svaba	NB2044	chr1	105138642	chr10	86384125
Svaba	NB2044	chr1	14307593	chr10	22952983
Svaba	NB2044	chr1	212974762	chr12	111304111
Svaba	NB2044	chr1	21853529	chr2	163609582
Svaba	NB2044	chr1	52629179	chr2	27764215
Svaba	NB2044	chr1	52629195	chr2	27761968
Svaba	NB2044	chr1	72361232	chr2	102912433
Svaba	NB2044	chr1	12840261	chr4	121923410
Svaba	NB2044	chr1	19501812	chr4	114699596
Svaba	NB2044	chr1	84517943	chr5	29576432
Svaba	NB2044	chr1	174651460	chr7	80747953
Svaba	NB2044	chr1	242143860	chr7	1623213
Svaba	NB2044	chr1	19501815	chr9	115804780
Svaba	NB2044	chr1	32061052	chr9	16938542
Svaba	NB2044	chr10	70003389	chr12	115760851
Svaba	NB2044	chr10	12118056	chr15	75867613
Svaba	NB2044	chr10	101854902	chrX	90335662
Svaba	NB2044	chr12	28163331	chr11	10464351
Svaba	NB2044	chr11	47806641	chr15	75867615
Svaba	NB2044	chr12	34017338	chr13	48856830
Svaba	NB2044	chr12	73239572	chr15	94886272
Svaba	NB2044	chr12	73239578	chr15	94888543
Svaba	NB2044	chr12	187366	chr20	62947890
Svaba	NB2044	chr17	73942382	chr13	69467977
Svaba	NB2044	chr17	73941656	chr13	69468084
Svaba	NB2044	chr15	41141406	chr19	566346
Svaba	NB2044	chr18	19705151	chr20	12052400
Svaba	NB2044	chr2	135408007	chr12	77567040
Svaba	NB2044	chr2	35638405	chr12	45459662
Svaba	NB2044	chr2	173030615	chr20	42765607
Svaba	NB2044	chr2	119363753	chr3	101279840
Svaba	NB2044	chr2	90072602	chr4	104498425
Svaba	NB2044	chr2	102912450	chr5	39787751
Svaba	NB2044	chr2	196434010	chr6	88117381
Svaba	NB2044	chr2	141627653	chr7	86836630
Svaba	NB2044	chr2	165528927	chr8	56033091
Svaba	NB2044	chr2	35879356	chr9	98459860
Svaba	NB2044	chr3	163919269	chr10	36761388
Svaba	NB2044	chr3	163919282	chr10	36760446
Svaba	NB2044	chr3	122652854	chr12	49892754
Svaba	NB2044	chr3	16406572	chrY	7588540
Svaba	NB2044	chr3	23298148	chr4	111762250
Svaba	NB2044	chr3	43888317	chr4	155571097
Svaba	NB2044	chr5	14306271	chr3	56816678
Svaba	NB2044	chr3	80590243	chr7	96475901
Svaba	NB2044	chr3	80590284	chr9	12556843
Svaba	NB2044	chr4	114699754	chr14	80571746
Svaba	NB2044	chr4	141771696	chr8	109455658
Svaba	NB2044	chr4	183256370	chr8	131547772
Svaba	NB2044	chr4	114699862	chr9	115804581
Svaba	NB2044	chr5	132934085	chr16	9678376
Svaba	NB2044	chr5	3327659	chr22	49150418
Svaba	NB2044	chr5	24370537	chr7	8886704
Svaba	NB2044	chr5	34459988	chr7	116808601
Svaba	NB2044	chr5	107345010	chr8	38640589
Svaba	NB2044	chr6	95083383	chr17	21446520
Svaba	NB2044	chr20	13863760	chr6	93853181
Svaba	NB2044	chr6	46310290	chrX	106855453
Svaba	NB2044	chr7	90022458	chr6	118626162
Svaba	NB2044	chr6	144120338	chr7	153002528
Svaba	NB2044	chr6	107307835	chr8	105231728
Svaba	NB2044	chr6	121733150	chr8	111740734
Svaba	NB2044	chr7	66028660	chr10	26827314
Svaba	NB2044	chr12	108203264	chr7	111053152
Svaba	NB2044	chr12	108203259	chr7	111053754
Svaba	NB2044	chr7	86154694	chr18	49931765
Svaba	NB2044	chr7	3226295	chr20	13704145
Svaba	NB2044	chr7	57313854	chr20	46422789
Svaba	NB2044	chr7	130867547	chr22	29065316
Svaba	NB2044	chr8	38166855	chr11	46001352
Svaba	NB2044	chr18	57070970	chr8	134972223
Svaba	NB2044	chr8	28739761	chr19	38178916
Svaba	NB2044	chr9	34703729	chr10	38551864
Svaba	NB2044	chr9	115804583	chr14	80571601
Svaba	NB2065	chr1	155465702	chr7	2363781
Svaba	NB2065	chr11	6398398	chr14	92898922
Svaba	NB2065	chr11	6430411	chr14	92934129
Svaba	NB2065	chr11	68164910	chr17	46979487
Svaba	NB2065	chr11	68189036	chr17	47011008
Svaba	NB2065	chr11	71967871	chr17	40974225
Svaba	NB2065	chr2	159007546	chr22	33580089
Svaba	NB2065	chr2	43825830	chr3	54559154
Svaba	NB2065	chr5	1311599	chr6	22410678
Svaba	NB2065	chr7	54709905	chr18	77771959
Svaba	NB2009	chr11	71676768	chr17	1305190
Svaba	NB2009	chr17	38228649	chr11	71676769
Svaba	NB2009	chr11	71676990	chr17	1576438
Svaba	NB2009	chr17	38228649	chr11	79108667
Svaba	NB2009	chr11	79108841	chr17	1576439
Svaba	NB2009	chr12	187576	chr20	62947646
Svaba	NB2009	chr14	65377168	chr17	34927846
Svaba	NB2009	chr17	4026320	chr19	15511201
Svaba	NB2009	chr3	122204814	chr17	4057546
Svaba	NB2009	chr4	191043986	chr14	78654840
Svaba	NB2009	chr5	138636681	chr16	3884854
Svaba	NB2009	chr5	247441	chr6	156969599
Svaba	NB2009	chr5	381450	chr6	157047753
Svaba	NB2009	chr7	156702252	chr10	31256304
Svaba	NB2010	chr11	73473726	chr17	46406193
Svaba	NB2010	chr13	47114400	chr14	55206521
Svaba	NB2010	chr17	2260791	chr19	872529
Svaba	NB2010	chr17	2287548	chr19	922221
Svaba	NB2010	chr17	27643308	chr22	28287036
Svaba	NB2010	chr5	14142900	chr6	114364703
Svaba	NB2016	chr1	115156034	chr11	17443873
Svaba	NB2016	chr1	210965183	chr12	104334399
Svaba	NB2016	chr1	210965447	chr12	104393041
Svaba	NB2016	chr1	164243344	chr13	82163566
Svaba	NB2016	chr1	87543233	chr17	58861963
Svaba	NB2016	chr1	116138663	chr5	144542086
Svaba	NB2016	chr11	73108223	chr17	30380949
Svaba	NB2016	chr20	42735715	chr21	19840168
Svaba	NB2016	chr4	57813140	chr14	33175622
Svaba	NB2016	chr4	140493379	chrX	9050354
Svaba	NB2016	chr4	45556441	chr7	155328841
Svaba	NB2016	chr5	1240950	chr11	68981723
Svaba	NB2016	chr7	66816717	chr17	73949917
Svaba	NB2016	chr7	66847542	chr17	73900850
Svaba	NB2016	chr8	103371557	chr22	19934439
Svaba	NB2016	chr8	23403510	chrX	12907668
Svaba	NB2016	chr8	23436496	chrX	12888352
Svaba	NB2018	chr1	2797278	chr3	10410535
Svaba	NB2018	chr1	2797695	chr3	10371437
Svaba	NB2018	chr1	238724158	chr8	132604602
Svaba	NB2018	chr17	41508292	chr11	74758083
Svaba	NB2018	chr20	55647239	chr16	65088281
Svaba	NB2018	chr20	55642712	chr16	65088527
Svaba	NB2018	chr2	66957686	chr5	11939177
Svaba	NB2018	chr7	154095332	chr5	1246552
Svaba	NB2018	chr7	154503372	chr5	1303314
Svaba	NB2018	chr8	132621614	chr16	12456806
Svaba	NB2018	chr8	132622288	chr16	12443498
Svaba	NB2019	chr3	54982259	chr17	26940484
Svaba	NB2019	chr3	14944397	chr7	82347032
Svaba	NB2019	chr7	82329713	chr17	26969860
Svaba	NB2019	chr8	132555379	chr11	78646610
Svaba	NB2020	chr2	10357168	chr17	67868138
Svaba	NB2020	chr2	10520818	chr17	52429802
Svaba	NB2020	chr2	15732649	chr17	51969355
Svaba	NB2020	chr2	17123311	chr17	67210997
Svaba	NB2021	chr1	33255914	chr2	161952229
Svaba	NB2021	chr19	16742737	chr22	29845850
Novobreak	NB2027	chr2	16101222	chr17	63031378
Novobreak	NB2027	chr2	16338686	chr17	63187911
Novobreak	NB2027	chr2	16405140	chr17	63240390
Novobreak	NB2027	chr2	16447689	chr17	63147462
Novobreak	NB2027	chr2	16353160	chr5	1332354
Novobreak	NB2027	chr17	63181267	chr5	1827252
Novobreak	NB2028	chr10	53536519	chr20	24677270
Novobreak	NB2028	chr10	94109581	chr20	24675932
Novobreak	NB2028	chr10	94110691	chr20	23913342
Novobreak	NB2028	chr10	64882941	chr3	150273781
Novobreak	NB2028	chr3	173339463	chr20	23915725
Novobreak	NB2028	chr3	100838573	chr5	109332421
Novobreak	NB2028	chr3	100954015	chr5	124426622
Novobreak	NB2028	chr3	102923066	chr5	60654129
Novobreak	NB2028	chr3	10625753	chr5	126101528
Novobreak	NB2028	chr3	107705394	chr5	124427847
Novobreak	NB2028	chr3	113339980	chr5	13692265
Novobreak	NB2028	chr3	120193457	chr5	131393749
Novobreak	NB2028	chr3	120665999	chr5	115132154
Novobreak	NB2028	chr3	124278126	chr5	160519027
Novobreak	NB2028	chr3	126943477	chr5	145724875
Novobreak	NB2028	chr3	1349353	chr5	99857247
Novobreak	NB2028	chr3	139835002	chr5	22187141
Novobreak	NB2028	chr3	143625262	chr5	113073293
Novobreak	NB2028	chr3	169746612	chr5	180643011
Novobreak	NB2028	chr3	169747635	chr5	124430047
Novobreak	NB2028	chr3	172414832	chr5	149652197
Novobreak	NB2028	chr3	175932209	chr5	67533377
Novobreak	NB2028	chr3	184660792	chr5	79396565
Novobreak	NB2028	chr3	194279065	chr5	83159449
Novobreak	NB2028	chr3	194396059	chr5	87023262
Novobreak	NB2028	chr3	194418502	chr5	131095204
Novobreak	NB2028	chr3	194461821	chr5	152613443
Novobreak	NB2028	chr3	194470788	chr5	67534176
Novobreak	NB2028	chr3	194614080	chr5	81929095
Novobreak	NB2028	chr3	194614083	chr5	82624700
Novobreak	NB2028	chr3	194771160	chr5	131394187
Novobreak	NB2028	chr3	195079610	chr5	82619204
Novobreak	NB2028	chr3	195081159	chr5	158181851
Novobreak	NB2028	chr3	195081359	chr5	82902226
Novobreak	NB2028	chr3	195081849	chr5	124428207
Novobreak	NB2028	chr3	195087001	chr5	82853946
Novobreak	NB2028	chr3	195943896	chr5	149654079
Novobreak	NB2028	chr3	26628987	chr5	145338925
Novobreak	NB2028	chr3	26629379	chr5	157281570
Novobreak	NB2028	chr3	26744688	chr5	134576704
Novobreak	NB2028	chr3	39156803	chr5	113073004
Novobreak	NB2028	chr3	52894703	chr5	131393636
Novobreak	NB2028	chr3	58136532	chr5	131093012
Novobreak	NB2028	chr3	69596205	chr5	139106490
Novobreak	NB2028	chr3	7172330	chr5	124430125
Novobreak	NB2030	chr2	208439387	chr20	39878909
Novobreak	NB2030	chr2	16425564	chr5	166095426
Novobreak	NB2030	chr3	101279743	chr6	32370225
Novobreak	NB2032	chr12	96029693	chr17	65918560
Novobreak	NB2034	chr17	38680037	chr19	4829922
Novobreak	NB2039	chr17	41944820	chr22	28042014
Novobreak	NB2039	chr2	15454968	chr8	123330287
Novobreak	NB2044	chr11	86764399	chr1	103948053
Novobreak	NB2044	chr1	72361232	chr2	102912433
Novobreak	NB2044	chr1	16678898	chr3	126278010
Novobreak	NB2044	chr1	19501812	chr4	114699596
Novobreak	NB2044	chr1	242143860	chr7	1623213
Novobreak	NB2044	chr17	10138715	chr11	37429052
Novobreak	NB2044	chr12	34017338	chr13	48856830
Novobreak	NB2044	chr12	73239572	chr15	94886272
Novobreak	NB2044	chr12	73239578	chr15	94888543
Novobreak	NB2044	chr2	196434010	chr6	88117381
Novobreak	NB2044	chr3	163919269	chr10	36761388
Novobreak	NB2044	chr3	163919282	chr10	36760446
Novobreak	NB2044	chr4	114699754	chr14	80571746
Novobreak	NB2044	chr5	32974572	chr18	30668480
Novobreak	NB2044	chr9	115804583	chr14	80571601
Novobreak	NB2065	chr1	155465702	chr7	2363781
Novobreak	NB2065	chr11	6430411	chr14	92934129
Novobreak	NB2065	chr11	68164910	chr17	46979487
Novobreak	NB2065	chr11	68189036	chr17	47011008
Novobreak	NB2065	chr11	71967871	chr17	40974225
Novobreak	NB2065	chr2	43825830	chr3	54559154
Novobreak	NB2065	chr5	1311599	chr6	22410678
Novobreak	NB2065	chr7	54709905	chr18	77771959
Novobreak	NB2009	chr17	38228649	chr11	79108667
Novobreak	NB2009	chr11	79108841	chr17	1576439
Novobreak	NB2009	chr14	65377168	chr17	34927846
Novobreak	NB2009	chr3	122204814	chr17	4057546
Novobreak	NB2009	chr5	381450	chr6	157047753
Novobreak	NB2010	chr11	73473726	chr17	46406193
Novobreak	NB2010	chr13	47114400	chr14	55206521
Novobreak	NB2010	chr17	2260675	chr19	922751
Novobreak	NB2010	chr17	2287548	chr19	922221
Novobreak	NB2010	chr17	2287960	chr19	821906
Novobreak	NB2010	chr17	27643308	chr22	28287036
Novobreak	NB2016	chr1	115156034	chr11	17443873
Novobreak	NB2016	chr1	210965183	chr12	104334399
Novobreak	NB2016	chr1	210965447	chr12	104393041
Novobreak	NB2016	chr1	87543233	chr17	58861963
Novobreak	NB2016	chr20	42735715	chr21	19840168
Novobreak	NB2016	chr4	45556441	chr7	155328841
Novobreak	NB2016	chr5	1240950	chr11	68981723
Novobreak	NB2016	chr7	66816717	chr17	73949917
Novobreak	NB2016	chr8	103371557	chr22	19934439
Novobreak	NB2016	chr8	23403510	chrX	12907668
Novobreak	NB2016	chr8	23436496	chrX	12888352
Novobreak	NB2018	chr1	2797278	chr3	10410535
Novobreak	NB2018	chr1	2797695	chr3	10371437
Novobreak	NB2018	chr17	41508292	chr11	74758083
Novobreak	NB2018	chr20	55647239	chr16	65088281
Novobreak	NB2018	chr7	154095332	chr5	1246552
Novobreak	NB2018	chr7	154501713	chr5	1303194
Novobreak	NB2018	chr8	132621614	chr16	12456806
Novobreak	NB2018	chr8	132622288	chr16	12443498
Novobreak	NB2019	chr3	54982259	chr17	26940484
Novobreak	NB2019	chr3	14944397	chr7	82347032
Novobreak	NB2019	chr7	82329713	chr17	26969860
Novobreak	NB2019	chr8	132555379	chr11	78646610
Novobreak	NB2020	chr2	10520818	chr17	52429802
Novobreak	NB2020	chr2	15732649	chr17	51969355
Novobreak	NB2020	chr2	17123311	chr17	67210997
Novobreak	NB2021	chr19	16742737	chr22	29845850
Brass	NB2005	chr1	242311577	chr5	152272033
Brass	NB2027	chr2	52095710	chr10	34571038
Brass	NB2027	chr6	161704210	chr19	39656963
Brass	NB2028	chr10	53536519	chr20	24677270
Brass	NB2028	chr10	94109581	chr20	24675932
Brass	NB2028	chr10	94110691	chr20	23913342
Brass	NB2028	chr3	173339463	chr20	23915725
Brass	NB2028	chr3	100838573	chr5	109332421
Brass	NB2028	chr3	102923066	chr5	60654129
Brass	NB2028	chr3	107705006	chr5	81928871
Brass	NB2028	chr3	107705394	chr5	124427847
Brass	NB2028	chr3	120193457	chr5	131393749
Brass	NB2028	chr3	120665999	chr5	115132154
Brass	NB2028	chr3	124278126	chr5	160519027
Brass	NB2028	chr3	126943477	chr5	145724875
Brass	NB2028	chr3	1349353	chr5	99857247
Brass	NB2028	chr3	1350565	chr5	26014596
Brass	NB2028	chr3	139835002	chr5	22187141
Brass	NB2028	chr3	149721417	chr5	101142479
Brass	NB2028	chr3	194396059	chr5	87023262
Brass	NB2028	chr3	194401922	chr5	178603294
Brass	NB2028	chr3	194418502	chr5	131095204
Brass	NB2028	chr3	194461821	chr5	152613443
Brass	NB2028	chr3	194470788	chr5	67534176
Brass	NB2028	chr3	194771160	chr5	131394187
Brass	NB2028	chr3	195079610	chr5	82619204
Brass	NB2028	chr3	195943896	chr5	149654079
Brass	NB2028	chr3	26080325	chr5	117614263
Brass	NB2028	chr3	48682859	chr5	44137219
Brass	NB2028	chr3	52894703	chr5	131393636
Brass	NB2028	chr3	58136532	chr5	131093012
Brass	NB2028	chr3	72204275	chr5	81906984
Brass	NB2030	chr2	208439387	chr20	39878909
Brass	NB2030	chr2	16425564	chr5	166095426
Brass	NB2030	chr2	16383107	chr6	149108459
Brass	NB2032	chr11	69470734	chr17	30367232
Brass	NB2044	chr1	201771076	chr15	35352433
Brass	NB2044	chr1	19501812	chr4	114699596
Brass	NB2044	chr1	19501815	chr9	115804780
Brass	NB2044	chr18	19705151	chr20	12052400
Brass	NB2044	chr2	165528927	chr8	56033091
Brass	NB2044	chr3	163919269	chr10	36761388
Brass	NB2044	chr3	163919282	chr10	36760446
Brass	NB2065	chr11	71967871	chr17	40974225
Brass	NB2065	chr5	1254866	chr6	22472329
Brass	NB2065	chr5	1311599	chr6	22410678
Brass	NB2009	chr1	115201393	chr20	9953642
Brass	NB2009	chr14	65377168	chr17	34927846
Brass	NB2009	chr3	122204814	chr17	4057546
Brass	NB2009	chr5	138636681	chr16	3884854
Brass	NB2009	chr7	156702420	chr22	34681458
Brass	NB2010	chr8	133522500	chr9	9234031
Brass	NB2015	chr2	12615048	chr13	108669030
Brass	NB2016	chr1	115156034	chr11	17443873
Brass	NB2016	chr1	116138663	chr5	144542086
Brass	NB2016	chr4	45556441	chr7	155328841
Brass	NB2016	chr8	23436496	chrX	12888352
Brass	NB2018	chr1	2797278	chr3	10410535
Brass	NB2018	chr1	2797695	chr3	10371437
Brass	NB2018	chr1	238724158	chr8	132604602
Brass	NB2018	chr17	41508292	chr11	74758083
Brass	NB2018	chr20	55647239	chr16	65088281
Brass	NB2018	chr20	55642712	chr16	65088527
Brass	NB2018	chr2	66957686	chr5	11939177
Brass	NB2018	chr7	154095332	chr5	1246552
Brass	NB2018	chr8	132621614	chr16	12456806
Brass	NB2018	chr8	132622288	chr16	12443498
Brass	NB2019	chr3	54982259	chr17	26940484
Brass	NB2020	chr2	15732649	chr17	51969355
Brass	NB2020	chr2	17123311	chr17	67210997
Brass	NB2020	chr6	91125865	chr9	7680207
Brass	NB2024	chr6	125421358	chr7	148818494
Union	NB2003	chr1	215044087	chr15	63770030
Union	NB2003	chr12	81276073	chr15	77910882
Union	NB2003	chr13	44069827	chr15	41853322
Union	NB2003	chr6	137989160	chr16	69772315
Union	NB2005	chr1	242311577	chr5	152272033
Union	NB2005	chr14	32923843	chr20	31735203
Union	NB2005	chr6	26213113	chr13	101535961
Union	NB2012	chr1	247685585	chr11	68242972
Union	NB2012	chr1	226200173	chr12	7108105
Union	NB2012	chr1	113222993	chr4	109527002
Union	NB2012	chr1	179491966	chr6	170038124
Union	NB2012	chr1	31445295	chr9	126868574
Union	NB2012	chr11	61841813	chr14	81786773
Union	NB2012	chr13	44069826	chr15	41853321
Union	NB2012	chr2	218265091	chr11	85444947
Union	NB2012	chr17	61687327	chr2	179315909
Union	NB2012	chr3	112314835	chr4	169546534
Union	NB2012	chr5	33169270	chr8	26073386
Union	NB2012	chr6	49561929	chr7	64653121
Union	NB2012	chr7	38649835	chr12	111266086
Union	NB2012	chr7	111249279	chr19	57993803
Union	NB2012	chr9	111115161	chr10	58902214
Union	NB2023	chr2	232193543	chr15	77910871
Union	NB2023	chr4	9704827	chr12	66451372
Union	NB2023	chr6	35848640	chr15	77910868
Union	NB2027	chr17	63057384	chr1	143394759
Union	NB2027	chr1	205107081	chr17	63017167
Union	NB2027	chr1	28191902	chr17	63084378
Union	NB2027	chr1	50870730	chr17	63026899
Union	NB2027	chr2	16042579	chr1	228014113
Union	NB2027	chr2	16447516	chr1	46414070
Union	NB2027	chr10	25249673	chr12	32071199
Union	NB2027	chr10	126475049	chr17	63086291
Union	NB2027	chr17	63094718	chr10	8494090
Union	NB2027	chr17	63093243	chr10	87222807
Union	NB2027	chr11	30909736	chr17	63180956
Union	NB2027	chr17	63150142	chr11	40374992
Union	NB2027	chr12	120999973	chr17	63170598
Union	NB2027	chr12	77386947	chr17	63079603
Union	NB2027	chr12	83615515	chr17	63142331
Union	NB2027	chr17	63077646	chr13	28791439
Union	NB2027	chr17	63012650	chr13	84640481
Union	NB2027	chr14	36711165	chr17	63253179
Union	NB2027	chr17	63170561	chr14	52062988
Union	NB2027	chr16	25659983	chr17	63061285
Union	NB2027	chr17	38519772	chrX	155260297
Union	NB2027	chr2	52095710	chr10	34571038
Union	NB2027	chr2	16027601	chr17	64320015
Union	NB2027	chr2	16101222	chr17	63031378
Union	NB2027	chr2	16213853	chr17	63152435
Union	NB2027	chr2	16222228	chr17	63007609
Union	NB2027	chr2	16338686	chr17	63187911
Union	NB2027	chr2	16359825	chr17	63233728
Union	NB2027	chr2	16405140	chr17	63240390
Union	NB2027	chr2	16405242	chr17	63018763
Union	NB2027	chr2	16405248	chr17	64338883
Union	NB2027	chr2	16446022	chr17	63058710
Union	NB2027	chr2	16447689	chr17	63147462
Union	NB2027	chr2	42548435	chr17	63286835
Union	NB2027	chr2	42568489	chr17	64343105
Union	NB2027	chr2	42581019	chr17	63169468
Union	NB2027	chr17	63141511	chr2	52757576
Union	NB2027	chr2	63255084	chr17	63020333
Union	NB2027	chr17	63061147	chr2	64815886
Union	NB2027	chr17	63123033	chr2	87358196
Union	NB2027	chr2	16353160	chr5	1332354
Union	NB2027	chr2	16185662	chr7	2898771
Union	NB2027	chr17	64331188	chr3	139145507
Union	NB2027	chr3	169975469	chr17	63086322
Union	NB2027	chr17	63170552	chr3	29492468
Union	NB2027	chr3	42106265	chr17	63131940
Union	NB2027	chr3	36460130	chr9	13655418
Union	NB2027	chr17	63170592	chr4	16910726
Union	NB2027	chr17	63141210	chr4	38066225
Union	NB2027	chr4	141043658	chr5	124147824
Union	NB2027	chr17	63150141	chr5	110742247
Union	NB2027	chr17	63146792	chr5	174035357
Union	NB2027	chr17	63181267	chr5	1827252
Union	NB2027	chr6	67152291	chr17	63171222
Union	NB2027	chr6	161704210	chr19	39656963
Union	NB2027	chr6	86026640	chr8	80466351
Union	NB2027	chr17	63123053	chr8	109595889
Union	NB2027	chr9	37060375	chr17	63202824
Union	NB2027	chr17	63202589	chr9	86427354
Union	NB2027	chr9	95316767	chr17	63072460
Union	NB2028	chr10	53536519	chr20	24677270
Union	NB2028	chr10	94109581	chr20	24675932
Union	NB2028	chr10	94110691	chr20	23913342
Union	NB2028	chr17	45607900	chrX	29626796
Union	NB2028	chr10	64882941	chr3	150273781
Union	NB2028	chr3	113342062	chr20	23246039
Union	NB2028	chr3	173339463	chr20	23915725
Union	NB2028	chr3	100838573	chr5	109332421
Union	NB2028	chr3	100954015	chr5	124426622
Union	NB2028	chr3	102923066	chr5	60654129
Union	NB2028	chr3	10625752	chr5	157281673
Union	NB2028	chr3	10625753	chr5	126101528
Union	NB2028	chr3	107705006	chr5	81928871
Union	NB2028	chr3	107705394	chr5	124427847
Union	NB2028	chr3	113339980	chr5	13692265
Union	NB2028	chr3	120193457	chr5	131393749
Union	NB2028	chr3	120665999	chr5	115132154
Union	NB2028	chr3	121365368	chr5	135835347
Union	NB2028	chr3	124278126	chr5	160519027
Union	NB2028	chr3	126943477	chr5	145724875
Union	NB2028	chr3	128315587	chr5	21430537
Union	NB2028	chr3	128316541	chr5	22186041
Union	NB2028	chr3	1349353	chr5	99857247
Union	NB2028	chr3	1350565	chr5	26014596
Union	NB2028	chr3	139835002	chr5	22187141
Union	NB2028	chr3	143625262	chr5	113073293
Union	NB2028	chr3	143625360	chr5	24849366
Union	NB2028	chr3	149721417	chr5	101142479
Union	NB2028	chr3	169746612	chr5	180643011
Union	NB2028	chr3	169747635	chr5	124430047
Union	NB2028	chr3	172414832	chr5	149652197
Union	NB2028	chr3	175932209	chr5	67533377
Union	NB2028	chr3	182899962	chr5	115331329
Union	NB2028	chr3	184561289	chr5	134528505
Union	NB2028	chr3	184660792	chr5	79396565
Union	NB2028	chr3	185988065	chr5	126099463
Union	NB2028	chr3	194279065	chr5	83159449
Union	NB2028	chr3	194396059	chr5	87023262
Union	NB2028	chr3	194401167	chr5	107230987
Union	NB2028	chr3	194401439	chr5	115133692
Union	NB2028	chr3	194401922	chr5	178603294
Union	NB2028	chr3	194418502	chr5	131095204
Union	NB2028	chr3	194461821	chr5	150598250
Union	NB2028	chr3	194461821	chr5	152613443
Union	NB2028	chr3	194470788	chr5	67534176
Union	NB2028	chr3	194614080	chr5	81929095
Union	NB2028	chr3	194614083	chr5	82624700
Union	NB2028	chr3	194614470	chr5	124428203
Union	NB2028	chr3	194771160	chr5	131394187
Union	NB2028	chr3	194771434	chr5	178603294
Union	NB2028	chr3	195079610	chr5	82619204
Union	NB2028	chr3	195081159	chr5	158181851
Union	NB2028	chr3	195081359	chr5	82902226
Union	NB2028	chr3	195081732	chr5	21429412
Union	NB2028	chr3	195081760	chr5	131393996
Union	NB2028	chr3	195081849	chr5	124428207
Union	NB2028	chr3	195081859	chr5	21429466
Union	NB2028	chr3	195081901	chr5	124428226
Union	NB2028	chr3	195087001	chr5	82853946
Union	NB2028	chr3	195287790	chr5	115341022
Union	NB2028	chr3	195943896	chr5	149654079
Union	NB2028	chr3	20199238	chr5	103493944
Union	NB2028	chr3	26080325	chr5	117614263
Union	NB2028	chr3	26628987	chr5	145338925
Union	NB2028	chr3	26629379	chr5	157281570
Union	NB2028	chr3	26744688	chr5	134576704
Union	NB2028	chr3	39156803	chr5	113073004
Union	NB2028	chr3	48682859	chr5	44137219
Union	NB2028	chr3	52894703	chr5	131393636
Union	NB2028	chr3	58136532	chr5	131093012
Union	NB2028	chr3	69596205	chr5	139106490
Union	NB2028	chr3	69623984	chr5	1878709
Union	NB2028	chr3	7172330	chr5	124430125
Union	NB2028	chr3	72204275	chr5	81906984
Union	NB2028	chr3	9838531	chr5	14580212
Union	NB2028	chr7	6211481	chr3	115093014
Union	NB2028	chr4	140853192	chr6	27605147
Union	NB2028	chr7	135058567	chr22	31622449
Union	NB2028	chr8	95180401	chr19	30835213
Union	NB2030	chr1	41692373	chr17	42772086
Union	NB2030	chr1	10431	chr18	78016405
Union	NB2030	chr2	16158106	chr1	239133495
Union	NB2030	chr1	62390939	chr3	193259038
Union	NB2030	chr2	208439387	chr20	39878909
Union	NB2030	chr2	16220935	chr4	82515378
Union	NB2030	chr2	16425564	chr5	166095426
Union	NB2030	chr2	16383107	chr6	149108459
Union	NB2030	chr3	101279743	chr6	32370225
Union	NB2030	chr6	32688578	chr9	9950757
Union	NB2030	chr9	19392601	chr17	51031203
Union	NB2032	chr11	4556227	chr15	77910871
Union	NB2032	chr11	69470734	chr17	30367232
Union	NB2032	chr12	96029693	chr17	65918560
Union	NB2032	chr14	106788870	chr15	77910871
Union	NB2032	chr4	95518746	chr7	46904658
Union	NB2032	chr7	24677965	chr15	77910867
Union	NB2034	chr1	51735908	chr12	8039668
Union	NB2034	chr2	16050322	chr1	160938364
Union	NB2034	chr2	16044954	chr1	24396303
Union	NB2034	chr17	38680037	chr19	4829922
Union	NB2034	chr2	46773471	chr11	125627144
Union	NB2034	chr2	15827778	chr16	87515133
Union	NB2034	chr2	6614094	chr9	33745430
Union	NB2034	chr5	54865783	chr10	75489279
Union	NB2034	chr9	110262014	chr12	25462949
Union	NB2037	chr1	245875467	chr7	124710010
Union	NB2037	chr13	96077700	chr16	67719808
Union	NB2037	chr17	39731602	chr22	41090717
Union	NB2037	chr2	3614096	chr4	88374299
Union	NB2037	chr6	117916569	chrX	123893156
Union	NB2037	chr7	20707288	chr12	120357814
Union	NB2039	chr1	10468766	chr17	57593126
Union	NB2039	chr1	151809215	chr18	74812485
Union	NB2039	chr1	18829353	chr2	102402146
Union	NB2039	chr1	28540440	chr22	51093365
Union	NB2039	chr1	70854657	chr3	67370015
Union	NB2039	chr6	13729823	chr1	145421377
Union	NB2039	chr1	150757781	chr6	43931105
Union	NB2039	chr1	29287073	chr6	125549816
Union	NB2039	chr1	12075509	chr7	68416917
Union	NB2039	chr7	96031654	chr1	51210823
Union	NB2039	chr11	14069792	chr10	118796800
Union	NB2039	chr12	109875765	chr10	20704576
Union	NB2039	chr11	62880658	chr12	109544737
Union	NB2039	chr12	48200451	chr16	11605719
Union	NB2039	chr12	41696748	chr19	56763766
Union	NB2039	chr12	49400577	chr22	25907637
Union	NB2039	chr15	41650863	chr17	76505313
Union	NB2039	chr17	34000350	chr16	63896780
Union	NB2039	chr17	41944820	chr22	28042014
Union	NB2039	chr13	51110788	chr2	59976822
Union	NB2039	chr2	219479953	chr16	50547524
Union	NB2039	chr2	219391238	chr4	168445011
Union	NB2039	chr2	71146069	chr6	91495723
Union	NB2039	chr2	15454968	chr8	123330287
Union	NB2039	chr3	135110101	chr11	69665752
Union	NB2039	chr3	71845583	chr11	67769174
Union	NB2039	chr3	142035430	chr20	56302109
Union	NB2039	chr3	30849887	chr4	89466698
Union	NB2039	chr3	55096313	chr8	91933554
Union	NB2039	chr4	56450703	chr6	25251079
Union	NB2039	chr5	130904100	chr16	31887610
Union	NB2039	chr6	37544272	chr15	97443619
Union	NB2039	chr6	7475950	chr17	70697946
Union	NB2039	chr8	41935382	chr6	16211837
Union	NB2039	chr15	50022592	chr7	112831888
Union	NB2039	chr7	5881735	chr8	87166085
Union	NB2039	chr8	132705973	chr10	34718766
Union	NB2039	chr9	78332497	chr10	86361868
Union	NB2044	chr1	105138642	chr10	86384125
Union	NB2044	chr1	14307593	chr10	22952983
Union	NB2044	chr10	104528451	chr1	178692781
Union	NB2044	chr1	66804419	chr10	54466942
Union	NB2044	chr11	86764399	chr1	103948053
Union	NB2044	chr1	169780306	chr11	60293400
Union	NB2044	chr1	212974638	chr12	111306531
Union	NB2044	chr1	212974762	chr12	111304111
Union	NB2044	chr1	169316199	chr14	81092520
Union	NB2044	chr1	247108457	chr14	100727140
Union	NB2044	chr1	201771076	chr15	35352433
Union	NB2044	chr1	43008532	chr16	77230192
Union	NB2044	chr1	38241382	chr19	11422016
Union	NB2044	chr1	59956668	chr19	8195528
Union	NB2044	chr1	178009579	chr2	206802962
Union	NB2044	chr1	21853529	chr2	163609582
Union	NB2044	chr2	8617089	chr1	37211666
Union	NB2044	chr1	52629179	chr2	27764215
Union	NB2044	chr1	52629195	chr2	27761968
Union	NB2044	chr1	7078200	chr2	134420860
Union	NB2044	chr1	72361232	chr2	102912433
Union	NB2044	chr22	29801811	chr1	174484638
Union	NB2044	chr1	188438213	chr22	37127100
Union	NB2044	chr1	24941265	chrX	83418359
Union	NB2044	chr1	101978991	chr3	89509824
Union	NB2044	chr1	163314431	chr3	161247051
Union	NB2044	chr1	16678898	chr3	126278010
Union	NB2044	chr1	79582075	chr3	99940769
Union	NB2044	chr1	12840261	chr4	121923410
Union	NB2044	chr1	19501812	chr4	114699596
Union	NB2044	chr1	83671433	chr4	174786708
Union	NB2044	chr1	163314432	chr5	55384183
Union	NB2044	chr1	184950473	chr5	147462479
Union	NB2044	chr1	223491185	chr5	68263475
Union	NB2044	chr1	84517943	chr5	29576432
Union	NB2044	chr1	44631621	chr6	101806998
Union	NB2044	chr1	79304443	chr6	131273499
Union	NB2044	chr1	108142466	chr7	33036693
Union	NB2044	chr1	174651460	chr7	80747953
Union	NB2044	chr1	242143860	chr7	1623213
Union	NB2044	chr1	63339682	chr8	139325979
Union	NB2044	chr1	64882567	chr8	21879104
Union	NB2044	chr1	69676182	chr8	40795633
Union	NB2044	chr1	161213881	chr9	76238787
Union	NB2044	chr1	19501815	chr9	115804780
Union	NB2044	chr1	242143846	chr9	123259730
Union	NB2044	chr1	32061052	chr9	16938542
Union	NB2044	chr10	32320834	chr12	125426968
Union	NB2044	chr10	70003389	chr12	115760851
Union	NB2044	chr10	9258932	chr12	88338170
Union	NB2044	chr10	12118056	chr15	75867613
Union	NB2044	chr10	86686849	chr17	79120759
Union	NB2044	chr10	101854902	chrX	90335662
Union	NB2044	chr12	28163331	chr11	10464351
Union	NB2044	chr11	116190999	chr12	20734663
Union	NB2044	chr11	114686177	chr13	78117523
Union	NB2044	chr11	11948508	chr14	65363544
Union	NB2044	chr11	47806641	chr15	75867615
Union	NB2044	chr17	10138715	chr11	37429052
Union	NB2044	chr11	49997623	chr18	25851171
Union	NB2044	chr12	34017338	chr13	48856830
Union	NB2044	chr12	40006901	chr13	61367408
Union	NB2044	chr12	74389648	chr14	40312947
Union	NB2044	chr12	73239572	chr15	94886272
Union	NB2044	chr12	73239578	chr15	94888543
Union	NB2044	chr12	43654743	chr18	46523833
Union	NB2044	chr12	187366	chr20	62947890
Union	NB2044	chr12	87274081	chrX	45318871
Union	NB2044	chr17	73942382	chr13	69467977
Union	NB2044	chr17	73941656	chr13	69468084
Union	NB2044	chr14	54655713	chrX	121656449
Union	NB2044	chr14	47836088	chrY	24421220
Union	NB2044	chr15	23666176	chr16	14495709
Union	NB2044	chr15	97770234	chr18	26748374
Union	NB2044	chr15	41141406	chr19	566346
Union	NB2044	chr16	17608970	chr17	14527654
Union	NB2044	chr17	46935337	chrX	9760201
Union	NB2044	chr18	19705151	chr20	12052400
Union	NB2044	chr2	131370796	chr10	28662342
Union	NB2044	chr2	28270493	chr10	51477087
Union	NB2044	chr2	29806417	chr10	63425359
Union	NB2044	chr2	101892206	chr11	87316933
Union	NB2044	chr2	135408007	chr12	77567040
Union	NB2044	chr2	145003853	chr12	67011588
Union	NB2044	chr2	242203469	chr12	66207071
Union	NB2044	chr2	35638405	chr12	45459662
Union	NB2044	chr2	109815791	chr13	90370975
Union	NB2044	chr2	109816306	chr13	90371117
Union	NB2044	chr2	173030615	chr20	42765607
Union	NB2044	chr2	6393346	chrX	23990183
Union	NB2044	chr2	119363753	chr3	101279840
Union	NB2044	chr2	142622872	chr4	1301833
Union	NB2044	chr2	226753690	chr4	72829640
Union	NB2044	chr2	37261469	chr4	2571799
Union	NB2044	chr2	90072602	chr4	104498425
Union	NB2044	chr2	102912450	chr5	39787751
Union	NB2044	chr2	161333372	chr5	180349604
Union	NB2044	chr2	195568071	chr5	68499849
Union	NB2044	chr2	69323391	chr5	109945967
Union	NB2044	chr2	11142261	chr6	157968730
Union	NB2044	chr2	196434010	chr6	88117381
Union	NB2044	chr2	652672	chr6	89424466
Union	NB2044	chr2	141627653	chr7	86836630
Union	NB2044	chr7	37998828	chr2	212845764
Union	NB2044	chr7	104927724	chr2	233845876
Union	NB2044	chr7	90787645	chr2	50759093
Union	NB2044	chr2	15359427	chr8	146253388
Union	NB2044	chr2	165528927	chr8	56033091
Union	NB2044	chr2	163609543	chr9	24546492
Union	NB2044	chr2	189163017	chr9	7679910
Union	NB2044	chr2	35879356	chr9	98459860
Union	NB2044	chr3	163919269	chr10	36761388
Union	NB2044	chr3	163919282	chr10	36760446
Union	NB2044	chr3	22320982	chr11	25923533
Union	NB2044	chr3	122652854	chr12	49892754
Union	NB2044	chr3	155040660	chr12	104050621
Union	NB2044	chr3	16406572	chrY	7588540
Union	NB2044	chr3	16409839	chrY	7588542
Union	NB2044	chr3	1647623	chr4	121809254
Union	NB2044	chr3	23298148	chr4	111762250
Union	NB2044	chr3	43888317	chr4	155571097
Union	NB2044	chr5	14306271	chr3	56816678
Union	NB2044	chr3	90033872	chr5	61857118
Union	NB2044	chr3	26470316	chr6	77722511
Union	NB2044	chr3	190999450	chr7	32580818
Union	NB2044	chr3	80590243	chr7	96475901
Union	NB2044	chr3	80590284	chr9	12556843
Union	NB2044	chr9	77991117	chr3	83202804
Union	NB2044	chr9	99892031	chr3	88353535
Union	NB2044	chr4	179444719	chr10	70923823
Union	NB2044	chr4	83144087	chr10	20834938
Union	NB2044	chr4	78073350	chr11	39115803
Union	NB2044	chr4	173371350	chr12	131144866
Union	NB2044	chr4	114699754	chr14	80571746
Union	NB2044	chr4	102216171	chr18	75846483
Union	NB2044	chr4	71278909	chr18	66197602
Union	NB2044	chr4	53222454	chr21	47387665
Union	NB2044	chr4	152320152	chr5	50785686
Union	NB2044	chr4	114422447	chr6	36161546
Union	NB2044	chr4	120639904	chr6	30439413
Union	NB2044	chr4	189686822	chr7	154858206
Union	NB2044	chr4	40881204	chr7	131007633
Union	NB2044	chr4	141771696	chr8	109455658
Union	NB2044	chr4	183256370	chr8	131547772
Union	NB2044	chr4	183256370	chr8	70935934
Union	NB2044	chr4	183256674	chr8	131547787
Union	NB2044	chr4	183256674	chr8	70935949
Union	NB2044	chr4	114699862	chr9	115804581
Union	NB2044	chr5	156986985	chr10	14396698
Union	NB2044	chr5	54865784	chr10	75489280
Union	NB2044	chr5	113225050	chr11	101907622
Union	NB2044	chr5	169376688	chr11	118200968
Union	NB2044	chr5	75275332	chr11	89932523
Union	NB2044	chr5	84929791	chr11	129333101
Union	NB2044	chr5	136059711	chr12	87274079
Union	NB2044	chr5	84544389	chr12	54853816
Union	NB2044	chr5	14015709	chr13	80908413
Union	NB2044	chr5	180368895	chr13	98898453
Union	NB2044	chr5	132934085	chr16	9678376
Union	NB2044	chr5	98610430	chr17	60434050
Union	NB2044	chr5	32974572	chr18	30668480
Union	NB2044	chr5	3327659	chr22	49150418
Union	NB2044	chr5	76682965	chr22	47334956
Union	NB2044	chr5	122976151	chr6	45967794
Union	NB2044	chr5	89381801	chr6	90730315
Union	NB2044	chr5	24370537	chr7	8886704
Union	NB2044	chr5	34459988	chr7	116808601
Union	NB2044	chr5	42625864	chr7	85859667
Union	NB2044	chr7	10099477	chr5	5279799
Union	NB2044	chr5	9162677	chr7	55777619
Union	NB2044	chr5	107345010	chr8	38640589
Union	NB2044	chr8	9144650	chr5	59633204
Union	NB2044	chr6	120273637	chr10	92215056
Union	NB2044	chr6	141770870	chr10	19192077
Union	NB2044	chr6	114548411	chr12	87274079
Union	NB2044	chr6	46310294	chr14	20554472
Union	NB2044	chr6	143951375	chr15	39267363
Union	NB2044	chr6	95083383	chr17	21446520
Union	NB2044	chr20	13863760	chr6	93853181
Union	NB2044	chr6	135792862	chr21	33050849
Union	NB2044	chr6	110626741	chrX	75253782
Union	NB2044	chr6	15666705	chrX	140202683
Union	NB2044	chr6	46310290	chrX	106855453
Union	NB2044	chr6	84794578	chrX	17239315
Union	NB2044	chr6	157968705	chrY	9429633
Union	NB2044	chr7	67537187	chr6	114186334
Union	NB2044	chr7	90022458	chr6	118626162
Union	NB2044	chr6	144120338	chr7	153002528
Union	NB2044	chr6	107307835	chr8	105231728
Union	NB2044	chr6	121733150	chr8	111740734
Union	NB2044	chr6	151765786	chr9	77551279
Union	NB2044	chr7	106383310	chr10	132767834
Union	NB2044	chr7	66028660	chr10	26827314
Union	NB2044	chr7	40416763	chr11	16154056
Union	NB2044	chr12	108203264	chr7	111053152
Union	NB2044	chr12	108203259	chr7	111053754
Union	NB2044	chr7	4431043	chr12	68671186
Union	NB2044	chr7	102895741	chr13	31175597
Union	NB2044	chr7	129066575	chr13	38970153
Union	NB2044	chr7	37998827	chr13	92161658
Union	NB2044	chr7	1210054	chr14	30295853
Union	NB2044	chr7	122373541	chr14	24175029
Union	NB2044	chr7	31892591	chr15	45869526
Union	NB2044	chr16	74845007	chr7	20709421
Union	NB2044	chr7	86154694	chr18	49931765
Union	NB2044	chr20	43305490	chr7	1185074
Union	NB2044	chr7	3226295	chr20	13704145
Union	NB2044	chr7	57313854	chr20	46422789
Union	NB2044	chr7	130867420	chr22	29059271
Union	NB2044	chr7	130867547	chr22	29065316
Union	NB2044	chr7	32459731	chrX	145124760
Union	NB2044	chr7	107373283	chr8	94417857
Union	NB2044	chr7	134711056	chr8	118679708
Union	NB2044	chr7	52199449	chr8	100782582
Union	NB2044	chr8	13561289	chr11	104010815
Union	NB2044	chr8	38166855	chr11	46001352
Union	NB2044	chr8	92153187	chr11	104786608
Union	NB2044	chr8	104852678	chr15	42018059
Union	NB2044	chr8	48747507	chr15	39691605
Union	NB2044	chr18	57070970	chr8	134972223
Union	NB2044	chr8	28739761	chr19	38178916
Union	NB2044	chr8	90765922	chr19	32289034
Union	NB2044	chr9	34703729	chr10	38551864
Union	NB2044	chr9	75542985	chr11	101808596
Union	NB2044	chr9	86237013	chr11	41530248
Union	NB2044	chr9	111949723	chr14	34290042
Union	NB2044	chr9	115804583	chr14	80571601
Union	NB2044	chr9	2351303	chr14	50333990
Union	NB2044	chr9	111912259	chr15	39267360
Union	NB2044	chr9	138725234	chr15	26141232
Union	NB2044	chr9	121482998	chr17	35922028
Union	NB2044	chr9	109235259	chrY	21575615
Union	NB2065	chr1	155465702	chr7	2363781
Union	NB2065	chr11	6398398	chr14	92898922
Union	NB2065	chr11	6430411	chr14	92934129
Union	NB2065	chr11	68164910	chr17	46979487
Union	NB2065	chr11	68189036	chr17	47011008
Union	NB2065	chr11	71967871	chr17	40974225
Union	NB2065	chr2	159007546	chr22	33580089
Union	NB2065	chr2	43825830	chr3	54559154
Union	NB2065	chr5	175733390	chr18	55381820
Union	NB2065	chr5	1254866	chr6	22472329
Union	NB2065	chr5	1311599	chr6	22410678
Union	NB2065	chr7	54709905	chr18	77771959
Union	NB2002	chr6	88217546	chr20	52021643
Union	NB2009	chr1	115201393	chr20	9953642
Union	NB2009	chr11	71676768	chr17	1305190
Union	NB2009	chr17	38228649	chr11	71676769
Union	NB2009	chr11	71676990	chr17	1576438
Union	NB2009	chr17	38228649	chr11	79108667
Union	NB2009	chr11	79108841	chr17	1576439
Union	NB2009	chr12	187576	chr20	62947646
Union	NB2009	chr14	65377168	chr17	34927846
Union	NB2009	chr17	4026320	chr19	15511201
Union	NB2009	chr3	122204814	chr17	4057546
Union	NB2009	chr4	191043986	chr14	78654840
Union	NB2009	chr5	138636681	chr16	3884854
Union	NB2009	chr5	138679580	chr16	3903455
Union	NB2009	chr5	247441	chr6	156969599
Union	NB2009	chr5	381450	chr6	157047753
Union	NB2009	chr7	156702252	chr10	31256304
Union	NB2009	chr7	156702420	chr22	34681458
Union	NB2010	chr11	73473726	chr17	46406193
Union	NB2010	chr13	47114400	chr14	55206521
Union	NB2010	chr17	2260674	chr19	872530
Union	NB2010	chr17	2260675	chr19	922751
Union	NB2010	chr17	2260791	chr19	872529
Union	NB2010	chr17	2287548	chr19	922221
Union	NB2010	chr17	2287960	chr19	821906
Union	NB2010	chr17	27643308	chr22	28287036
Union	NB2010	chr4	184159690	chr8	12390333
Union	NB2010	chr5	14142900	chr6	114364703
Union	NB2010	chr8	133522500	chr9	9234031
Union	NB2015	chr2	12615048	chr13	108669030
Union	NB2016	chr1	115156034	chr11	17443873
Union	NB2016	chr1	210965183	chr12	104334399
Union	NB2016	chr1	210965447	chr12	104393041
Union	NB2016	chr1	211092488	chr12	104390135
Union	NB2016	chr1	164243344	chr13	82163566
Union	NB2016	chr1	87543233	chr17	58861963
Union	NB2016	chr1	10878053	chr3	168774210
Union	NB2016	chr1	116138663	chr5	144542086
Union	NB2016	chr11	73108223	chr17	30380949
Union	NB2016	chr20	42735715	chr21	19840168
Union	NB2016	chr4	57813140	chr14	33175622
Union	NB2016	chr4	140493379	chrX	9050354
Union	NB2016	chr4	45556441	chr7	155328841
Union	NB2016	chr5	1240950	chr11	68981723
Union	NB2016	chr7	66816717	chr17	73949917
Union	NB2016	chr7	66847542	chr17	73900850
Union	NB2016	chr8	70529609	chr16	89935473
Union	NB2016	chr8	30145401	chr17	7167959
Union	NB2016	chr8	103371557	chr22	19934439
Union	NB2016	chr8	23403510	chrX	12907668
Union	NB2016	chr8	23436496	chrX	12888352
Union	NB2017	chr1	11438496	chr17	38415465
Union	NB2017	chr1	47804269	chr6	45872385
Union	NB2017	chr17	74987844	chr12	5769602
Union	NB2017	chr13	97684064	chr20	16875030
Union	NB2017	chr17	15378631	chr2	163609413
Union	NB2017	chr5	163081948	chr16	19230792
Union	NB2017	chr5	175733390	chr18	55381820
Union	NB2018	chr1	2797278	chr3	10410535
Union	NB2018	chr1	2797695	chr3	10371437
Union	NB2018	chr1	238724158	chr8	132604602
Union	NB2018	chr17	41508292	chr11	74758083
Union	NB2018	chr20	55647239	chr16	65088281
Union	NB2018	chr20	55642712	chr16	65088527
Union	NB2018	chr2	44080101	chr4	9854177
Union	NB2018	chr2	66957686	chr5	11939177
Union	NB2018	chr6	52537128	chr3	124725755
Union	NB2018	chr7	154095332	chr5	1246552
Union	NB2018	chr7	154501713	chr5	1303194
Union	NB2018	chr7	154503372	chr5	1303314
Union	NB2018	chr8	132621614	chr16	12456806
Union	NB2018	chr8	132622288	chr16	12443498
Union	NB2019	chr3	54982259	chr17	26940484
Union	NB2019	chr3	14944397	chr7	82347032
Union	NB2019	chr7	124119104	chr15	77910868
Union	NB2019	chr7	82329713	chr17	26969860
Union	NB2019	chr8	132555379	chr11	78646610
Union	NB2020	chr14	99067578	chr17	35427969
Union	NB2020	chr2	10357168	chr17	67868138
Union	NB2020	chr2	10520818	chr17	52429802
Union	NB2020	chr2	15732649	chr17	51969355
Union	NB2020	chr2	17123311	chr17	67210997
Union	NB2020	chr5	160531510	chr16	876964
Union	NB2020	chr6	91125865	chr9	7680207
Union	NB2021	chr1	33255914	chr2	161952229
Union	NB2021	chr19	16742737	chr22	29845850
Union	NB2021	chr2	237757893	chr5	94397137
Union	NB2024	chr6	125421358	chr7	148818494
Union	NB2024	chr7	123549525	chr15	77910877
AtLeastTwo	NB2012	chr13	44069826	chr15	41853321
AtLeastTwo	NB2027	chr2	16027601	chr17	64320015
AtLeastTwo	NB2027	chr2	16101222	chr17	63031378
AtLeastTwo	NB2027	chr2	16213853	chr17	63152435
AtLeastTwo	NB2027	chr2	16222228	chr17	63007609
AtLeastTwo	NB2027	chr2	16338686	chr17	63187911
AtLeastTwo	NB2027	chr2	16405140	chr17	63240390
AtLeastTwo	NB2027	chr2	16405242	chr17	63018763
AtLeastTwo	NB2027	chr2	16446022	chr17	63058710
AtLeastTwo	NB2027	chr2	42568489	chr17	64343105
AtLeastTwo	NB2027	chr2	16353160	chr5	1332354
AtLeastTwo	NB2027	chr17	63181267	chr5	1827252
AtLeastTwo	NB2028	chr10	53536519	chr20	24677270
AtLeastTwo	NB2028	chr10	94109581	chr20	24675932
AtLeastTwo	NB2028	chr10	94110691	chr20	23913342
AtLeastTwo	NB2028	chr10	64882941	chr3	150273781
AtLeastTwo	NB2028	chr3	113342062	chr20	23246039
AtLeastTwo	NB2028	chr3	173339463	chr20	23915725
AtLeastTwo	NB2028	chr3	100838573	chr5	109332421
AtLeastTwo	NB2028	chr3	100954015	chr5	124426622
AtLeastTwo	NB2028	chr3	102923066	chr5	60654129
AtLeastTwo	NB2028	chr3	10625753	chr5	126101528
AtLeastTwo	NB2028	chr3	107705006	chr5	81928871
AtLeastTwo	NB2028	chr3	107705394	chr5	124427847
AtLeastTwo	NB2028	chr3	113339980	chr5	13692265
AtLeastTwo	NB2028	chr3	120193457	chr5	131393749
AtLeastTwo	NB2028	chr3	120665999	chr5	115132154
AtLeastTwo	NB2028	chr3	121365368	chr5	135835347
AtLeastTwo	NB2028	chr3	124278126	chr5	160519027
AtLeastTwo	NB2028	chr3	126943477	chr5	145724875
AtLeastTwo	NB2028	chr3	128315587	chr5	21430537
AtLeastTwo	NB2028	chr3	128316541	chr5	22186041
AtLeastTwo	NB2028	chr3	1349353	chr5	99857247
AtLeastTwo	NB2028	chr3	1350565	chr5	26014596
AtLeastTwo	NB2028	chr3	139835002	chr5	22187141
AtLeastTwo	NB2028	chr3	143625262	chr5	113073293
AtLeastTwo	NB2028	chr3	143625360	chr5	24849366
AtLeastTwo	NB2028	chr3	149721417	chr5	101142479
AtLeastTwo	NB2028	chr3	169746612	chr5	180643011
AtLeastTwo	NB2028	chr3	169747635	chr5	124430047
AtLeastTwo	NB2028	chr3	172414832	chr5	149652197
AtLeastTwo	NB2028	chr3	175932209	chr5	67533377
AtLeastTwo	NB2028	chr3	184561289	chr5	134528505
AtLeastTwo	NB2028	chr3	184660792	chr5	79396565
AtLeastTwo	NB2028	chr3	194279065	chr5	83159449
AtLeastTwo	NB2028	chr3	194396059	chr5	87023262
AtLeastTwo	NB2028	chr3	194401167	chr5	107230987
AtLeastTwo	NB2028	chr3	194401439	chr5	115133692
AtLeastTwo	NB2028	chr3	194401922	chr5	178603294
AtLeastTwo	NB2028	chr3	194418502	chr5	131095204
AtLeastTwo	NB2028	chr3	194461821	chr5	152613443
AtLeastTwo	NB2028	chr3	194470788	chr5	67534176
AtLeastTwo	NB2028	chr3	194614080	chr5	81929095
AtLeastTwo	NB2028	chr3	194614083	chr5	82624700
AtLeastTwo	NB2028	chr3	194614470	chr5	124428203
AtLeastTwo	NB2028	chr3	194771160	chr5	131394187
AtLeastTwo	NB2028	chr3	195079610	chr5	82619204
AtLeastTwo	NB2028	chr3	195081359	chr5	82902226
AtLeastTwo	NB2028	chr3	195081732	chr5	21429412
AtLeastTwo	NB2028	chr3	195081849	chr5	124428207
AtLeastTwo	NB2028	chr3	195087001	chr5	82853946
AtLeastTwo	NB2028	chr3	195287790	chr5	115341022
AtLeastTwo	NB2028	chr3	195943896	chr5	149654079
AtLeastTwo	NB2028	chr3	26080325	chr5	117614263
AtLeastTwo	NB2028	chr3	26628987	chr5	145338925
AtLeastTwo	NB2028	chr3	26629379	chr5	157281570
AtLeastTwo	NB2028	chr3	26744688	chr5	134576704
AtLeastTwo	NB2028	chr3	39156803	chr5	113073004
AtLeastTwo	NB2028	chr3	48682859	chr5	44137219
AtLeastTwo	NB2028	chr3	52894703	chr5	131393636
AtLeastTwo	NB2028	chr3	58136532	chr5	131093012
AtLeastTwo	NB2028	chr3	69596205	chr5	139106490
AtLeastTwo	NB2028	chr3	7172330	chr5	124430125
AtLeastTwo	NB2028	chr3	72204275	chr5	81906984
AtLeastTwo	NB2030	chr1	41692373	chr17	42772086
AtLeastTwo	NB2030	chr2	208439387	chr20	39878909
AtLeastTwo	NB2030	chr2	16425564	chr5	166095426
AtLeastTwo	NB2030	chr2	16383107	chr6	149108459
AtLeastTwo	NB2030	chr3	101279743	chr6	32370225
AtLeastTwo	NB2032	chr11	69470734	chr17	30367232
AtLeastTwo	NB2032	chr12	96029693	chr17	65918560
AtLeastTwo	NB2034	chr1	51735908	chr12	8039668
AtLeastTwo	NB2034	chr17	38680037	chr19	4829922
AtLeastTwo	NB2034	chr2	46773471	chr11	125627144
AtLeastTwo	NB2037	chr17	39731602	chr22	41090717
AtLeastTwo	NB2039	chr17	41944820	chr22	28042014
AtLeastTwo	NB2039	chr2	15454968	chr8	123330287
AtLeastTwo	NB2044	chr1	52629179	chr2	27764215
AtLeastTwo	NB2044	chr1	52629195	chr2	27761968
AtLeastTwo	NB2044	chr1	72361232	chr2	102912433
AtLeastTwo	NB2044	chr1	16678898	chr3	126278010
AtLeastTwo	NB2044	chr1	12840261	chr4	121923410
AtLeastTwo	NB2044	chr1	19501812	chr4	114699596
AtLeastTwo	NB2044	chr1	84517943	chr5	29576432
AtLeastTwo	NB2044	chr1	242143860	chr7	1623213
AtLeastTwo	NB2044	chr1	19501815	chr9	115804780
AtLeastTwo	NB2044	chr1	32061052	chr9	16938542
AtLeastTwo	NB2044	chr10	70003389	chr12	115760851
AtLeastTwo	NB2044	chr10	12118056	chr15	75867613
AtLeastTwo	NB2044	chr10	101854902	chrX	90335662
AtLeastTwo	NB2044	chr11	116190999	chr12	20734663
AtLeastTwo	NB2044	chr11	47806641	chr15	75867615
AtLeastTwo	NB2044	chr17	10138715	chr11	37429052
AtLeastTwo	NB2044	chr12	34017338	chr13	48856830
AtLeastTwo	NB2044	chr12	73239572	chr15	94886272
AtLeastTwo	NB2044	chr12	73239578	chr15	94888543
AtLeastTwo	NB2044	chr17	73942382	chr13	69467977
AtLeastTwo	NB2044	chr18	19705151	chr20	12052400
AtLeastTwo	NB2044	chr2	135408007	chr12	77567040
AtLeastTwo	NB2044	chr2	173030615	chr20	42765607
AtLeastTwo	NB2044	chr2	119363753	chr3	101279840
AtLeastTwo	NB2044	chr2	90072602	chr4	104498425
AtLeastTwo	NB2044	chr2	102912450	chr5	39787751
AtLeastTwo	NB2044	chr2	196434010	chr6	88117381
AtLeastTwo	NB2044	chr2	165528927	chr8	56033091
AtLeastTwo	NB2044	chr2	35879356	chr9	98459860
AtLeastTwo	NB2044	chr3	163919269	chr10	36761388
AtLeastTwo	NB2044	chr3	163919282	chr10	36760446
AtLeastTwo	NB2044	chr3	122652854	chr12	49892754
AtLeastTwo	NB2044	chr3	16406572	chrY	7588540
AtLeastTwo	NB2044	chr5	14306271	chr3	56816678
AtLeastTwo	NB2044	chr4	114699754	chr14	80571746
AtLeastTwo	NB2044	chr4	183256370	chr8	131547772
AtLeastTwo	NB2044	chr5	24370537	chr7	8886704
AtLeastTwo	NB2044	chr6	46310290	chrX	106855453
AtLeastTwo	NB2044	chr7	90022458	chr6	118626162
AtLeastTwo	NB2044	chr6	144120338	chr7	153002528
AtLeastTwo	NB2044	chr6	107307835	chr8	105231728
AtLeastTwo	NB2044	chr6	121733150	chr8	111740734
AtLeastTwo	NB2044	chr12	108203264	chr7	111053152
AtLeastTwo	NB2044	chr12	108203259	chr7	111053754
AtLeastTwo	NB2044	chr7	86154694	chr18	49931765
AtLeastTwo	NB2044	chr7	3226295	chr20	13704145
AtLeastTwo	NB2044	chr18	57070970	chr8	134972223
AtLeastTwo	NB2044	chr9	115804583	chr14	80571601
AtLeastTwo	NB2065	chr1	155465702	chr7	2363781
AtLeastTwo	NB2065	chr11	6398398	chr14	92898922
AtLeastTwo	NB2065	chr11	6430411	chr14	92934129
AtLeastTwo	NB2065	chr11	68164910	chr17	46979487
AtLeastTwo	NB2065	chr11	68189036	chr17	47011008
AtLeastTwo	NB2065	chr11	71967871	chr17	40974225
AtLeastTwo	NB2065	chr2	43825830	chr3	54559154
AtLeastTwo	NB2065	chr5	1254866	chr6	22472329
AtLeastTwo	NB2065	chr5	1311599	chr6	22410678
AtLeastTwo	NB2065	chr7	54709905	chr18	77771959
AtLeastTwo	NB2009	chr11	71676768	chr17	1305190
AtLeastTwo	NB2009	chr17	38228649	chr11	71676769
AtLeastTwo	NB2009	chr17	38228649	chr11	79108667
AtLeastTwo	NB2009	chr11	79108841	chr17	1576439
AtLeastTwo	NB2009	chr14	65377168	chr17	34927846
AtLeastTwo	NB2009	chr3	122204814	chr17	4057546
AtLeastTwo	NB2009	chr5	138636681	chr16	3884854
AtLeastTwo	NB2009	chr5	381450	chr6	157047753
AtLeastTwo	NB2009	chr7	156702252	chr10	31256304
AtLeastTwo	NB2009	chr7	156702420	chr22	34681458
AtLeastTwo	NB2010	chr11	73473726	chr17	46406193
AtLeastTwo	NB2010	chr13	47114400	chr14	55206521
AtLeastTwo	NB2010	chr17	2260675	chr19	922751
AtLeastTwo	NB2010	chr17	2287548	chr19	922221
AtLeastTwo	NB2010	chr17	2287960	chr19	821906
AtLeastTwo	NB2010	chr17	27643308	chr22	28287036
AtLeastTwo	NB2010	chr5	14142900	chr6	114364703
AtLeastTwo	NB2016	chr1	115156034	chr11	17443873
AtLeastTwo	NB2016	chr1	210965183	chr12	104334399
AtLeastTwo	NB2016	chr1	210965447	chr12	104393041
AtLeastTwo	NB2016	chr1	87543233	chr17	58861963
AtLeastTwo	NB2016	chr1	116138663	chr5	144542086
AtLeastTwo	NB2016	chr11	73108223	chr17	30380949
AtLeastTwo	NB2016	chr20	42735715	chr21	19840168
AtLeastTwo	NB2016	chr4	57813140	chr14	33175622
AtLeastTwo	NB2016	chr4	45556441	chr7	155328841
AtLeastTwo	NB2016	chr5	1240950	chr11	68981723
AtLeastTwo	NB2016	chr7	66816717	chr17	73949917
AtLeastTwo	NB2016	chr8	103371557	chr22	19934439
AtLeastTwo	NB2016	chr8	23403510	chrX	12907668
AtLeastTwo	NB2016	chr8	23436496	chrX	12888352
AtLeastTwo	NB2018	chr1	2797278	chr3	10410535
AtLeastTwo	NB2018	chr1	2797695	chr3	10371437
AtLeastTwo	NB2018	chr1	238724158	chr8	132604602
AtLeastTwo	NB2018	chr17	41508292	chr11	74758083
AtLeastTwo	NB2018	chr20	55647239	chr16	65088281
AtLeastTwo	NB2018	chr20	55642712	chr16	65088527
AtLeastTwo	NB2018	chr2	66957686	chr5	11939177
AtLeastTwo	NB2018	chr7	154095332	chr5	1246552
AtLeastTwo	NB2018	chr7	154501713	chr5	1303194
AtLeastTwo	NB2018	chr8	132621614	chr16	12456806
AtLeastTwo	NB2018	chr8	132622288	chr16	12443498
AtLeastTwo	NB2019	chr3	54982259	chr17	26940484
AtLeastTwo	NB2019	chr3	14944397	chr7	82347032
AtLeastTwo	NB2019	chr7	82329713	chr17	26969860
AtLeastTwo	NB2019	chr8	132555379	chr11	78646610
AtLeastTwo	NB2020	chr2	10357168	chr17	67868138
AtLeastTwo	NB2020	chr2	10520818	chr17	52429802
AtLeastTwo	NB2020	chr2	15732649	chr17	51969355
AtLeastTwo	NB2020	chr2	17123311	chr17	67210997
AtLeastTwo	NB2021	chr19	16742737	chr22	29845850
